#{"t_start": 1767717267.1060405, "env_id": "None"}
r,l,t
-101.182655,46,2.067442
-18.574179,67,2.722631
-23.416632,70,2.81856
-75.063385,95,3.584837
102.290405,98,3.680235
-88.75349,38,3.892585
-77.16647,106,3.92698
-78.23384,106,3.92698
-76.67599,107,3.957033
-121.27523,65,4.077911
-144.97072,120,4.344643
-58.393604,122,4.402599
-33.7449,130,4.639755
-45.63189,32,4.897302
-78.97715,37,5.074741
-122.521774,27,5.264028
-137.6583,155,5.445433
-162.79097,49,5.477872
-44.93195,67,5.993511
-104.03662,46,6.743605
-216.46077,106,6.938136
-56.751446,29,6.938136
-46.96389,63,6.938136
-122.89193,117,7.384708
-227.3379,94,7.676673
-157.01306,169,8.168291
-59.03663,63,8.990154
-25.49074,111,9.057256
-169.3009,147,9.091795
-1.0911151,69,9.186567
-119.17339,49,9.281801
-166.40147,62,9.4037
-93.44872,87,9.739794
-372.14172,186,10.022247
-94.47142,173,10.638477
-81.43764,50,10.992765
-105.276,172,11.024935
-95.93858,65,11.250867
-116.36861,97,12.396572
-212.48276,108,12.528707
20.123234,62,12.65889
-191.19922,113,12.726872
-109.44381,55,12.790258
-127.889915,111,13.33164
-113.43243,121,13.9441
19.677563,180,14.772731
-116.60312,65,14.871873
-23.315243,79,15.188606
-194.25111,136,15.40875
-208.15202,121,16.262127
-262.24265,297,16.294639
-131.54938,74,16.294639
-74.222855,122,16.606603
-29.428684,132,16.728835
-47.095417,78,17.225415
-89.15449,78,17.322322
-141.52689,84,18.902734
-182.71947,243,18.994681
-0.5583647,120,19.18541
-61.180347,97,19.343459
-709.32294,354,19.473029
-157.86969,137,19.507862
-123.22965,118,20.015738
-85.13151,45,20.633957
-144.6178,114,20.862307
-111.855774,35,21.16016
-33.508972,142,21.25888
-382.67105,255,21.444575
-184.25923,107,22.463561
-216.19456,91,22.463561
-128.68108,161,22.492706
-44.250973,113,22.559693
-51.79924,91,24.166074
-140.80885,245,24.532993
-168.04068,159,24.566707
-129.02109,111,24.933398
-186.43855,108,25.025662
-91.03817,79,25.090719
-273.00082,178,25.33003
-52.203876,86,25.331641
-100.601654,36,25.36012
-178.45312,164,26.266387
-137.86485,59,27.278702
-134.62921,70,27.640827
-192.91792,156,27.672568
-47.615387,99,27.796736
-149.78973,92,28.12874
-109.893684,57,28.159703
-187.5295,124,29.111915
-83.77747,41,29.15111
-80.365005,85,30.751736
-313.40915,161,31.052718
-132.60608,135,32.163491
-147.36719,231,32.625618
-139.60529,105,33.047697
-102.52246,138,33.144531
-107.30741,83,33.674826
-684.6534,381,33.674826
-109.2766,24,33.872053
-423.51328,329,33.906928
62.04063,133,33.969957
-363.18607,262,34.032314
-180.37556,171,34.222494
-199.35233,199,34.635536
-93.595245,56,34.984588
-83.20313,89,35.107629
-65.81452,47,35.205513
-106.05764,43,35.275821
-108.59515,44,35.343692
-131.8329,131,35.440051
-92.94612,57,35.541926
-72.64188,46,35.735265
-73.20344,100,35.937301
-47.242447,43,36.073865
-112.61986,64,36.14868
-29.599373,50,36.970056
-6.713276,60,38.230741
-223.17004,92,38.266142
-85.43404,100,38.441069
-46.130062,97,38.682835
-24.558489,96,38.850259
-58.724525,65,39.204721
-213.94861,115,39.370111
-326.81244,170,39.687422
-153.22127,137,39.846434
-55.83376,60,40.239993
-95.58653,31,40.368078
-200.89058,141,40.700988
29.580914,79,40.833548
-113.6145,42,41.218629
-49.11148,159,41.417889
-137.06572,86,41.646711
-191.36276,50,42.007402
-202.93343,93,42.238474
-89.32735,33,42.50596
-126.79084,71,42.572023
-67.94967,78,43.292294
-46.458443,34,43.39097
-146.06844,69,43.521981
-254.25783,171,44.095761
-76.508896,74,44.13234
-141.10637,104,44.295737
-307.57974,263,44.556926
-7.115261,65,44.746855
-99.67019,68,44.783671
-29.424784,164,45.107631
-160.5216,60,45.500317
-35.377438,48,45.872007
-185.41083,59,46.03749
-70.42866,41,46.107845
-58.408096,122,47.340994
-24.947592,126,47.574234
-62.234234,113,47.856389
-301.16302,179,47.952613
-289.8543,281,47.952613
-48.925087,85,48.295464
-58.06661,67,48.295464
-120.47928,79,48.451822
-236.32304,125,48.654604
-73.1385,24,48.718432
-275.42035,132,49.132258
-197.6768,47,49.415898
-87.620964,45,49.458264
-110.74817,49,50.30783
-108.5858,105,51.046885
-128.90736,54,51.22015
-239.48274,119,51.293279
-63.10093,94,51.458298
-308.0229,192,51.490915
-154.13847,85,51.997406
-75.46062,53,52.0975
-158.43013,110,52.170236
-113.10839,192,52.444836
-168.43391,91,52.518627
-48.86139,49,52.938824
-101.883156,54,53.040248
-166.01834,60,53.076688
-167.93011,142,53.076688
-211.82947,158,54.02286
-20.61594,29,54.02286
-120.74868,68,54.25202
-69.78505,54,54.291053
-173.92776,113,55.19842
-157.30576,124,55.615707
6.0683646,80,55.683502
-51.13559,47,55.853476
-90.50014,121,56.11785
-78.475426,109,56.552461
-40.49102,113,56.830033
-201.06866,146,57.033409
-141.91104,44,57.161776
19.164139,89,57.232951
-180.63672,31,58.06793
-200.08014,124,58.170217
-150.4437,125,58.202898
-291.23965,174,58.236804
-57.69343,33,58.330186
-302.3516,106,58.754631
-80.21135,94,58.754631
-88.23438,137,60.445409
-86.784904,86,61.060787
-8.551356,83,61.090812
-161.1091,72,61.158663
-112.49543,83,61.512586
-132.736,191,62.436117
-28.763529,64,62.501802
-189.23456,177,62.971968
-284.49786,158,63.238642
-68.121414,68,63.238642
-114.51905,91,64.062857
-171.06305,107,64.514858
-171.18707,219,65.275736
-121.63611,69,65.433775
-11.683274,77,65.433775
-144.86581,48,66.056756
-98.21876,66,66.188895
-261.85208,93,66.228879
-85.69739,126,66.487616
-100.036156,50,67.067595
-374.66806,326,67.194718
-72.51521,46,67.704588
-1.7304635,46,67.972041
-450.25165,343,68.009972
-83.03247,59,75.003502
-201.86778,86,75.12965
-704.6702,228,75.755461
-54.069466,26,75.993878
-136.04272,121,76.123704
-175.98703,99,76.193502
-128.48395,78,77.195849
-70.68551,69,77.195849
-347.78342,378,77.469962
-109.41937,91,77.900219
-234.42325,266,78.068505
-93.797516,57,78.101092
-71.54478,73,78.575661
-221.52792,146,78.814958
-65.20055,54,79.014635
-153.03601,124,79.143716
-87.66662,55,79.310193
-115.17425,105,79.514549
-21.411036,190,80.398565
-35.07174,103,80.625862
-78.66124,50,80.786685
-47.89619,58,80.918789
-47.712193,76,81.078787
-165.11928,97,81.276583
-108.17267,107,81.64474
-34.384743,28,82.000248
-56.166416,46,82.129939
-126.68354,69,82.665447
-170.22858,156,83.06567
-150.48059,123,83.580794
-14.693961,88,83.716415
-53.307537,148,83.716415
-72.71348,24,83.87459
-90.06988,79,83.907583
-25.59557,95,84.067141
-125.667564,63,84.236298
-20.893946,89,84.60496
-288.1904,171,84.968063
-50.955406,70,85.006927
-43.064384,48,85.170896
-230.68658,70,86.010843
-94.42247,79,86.693362
-28.248926,90,86.859841
-83.03686,73,87.031542
12.687336,88,87.16334
-38.91826,160,87.321052
-228.77577,78,87.581236
-197.36499,118,87.811703
11.017285,130,88.006606
-99.32633,99,88.243881
-94.87944,49,88.307775
-62.480618,46,89.397386
-12.369525,61,89.672112
-162.64099,85,89.739808
-137.4576,145,90.044785
-50.015984,54,90.109775
-123.81193,74,90.850226
-46.765285,54,91.237129
3.3390298,126,91.458075
27.430012,60,91.738549
-161.5133,108,91.738549
-57.065968,140,91.806635
-91.43127,181,92.157944
-48.323635,76,92.604563
-94.777214,81,92.832895
-87.14293,46,92.962978
-92.753456,30,93.125885
-115.79666,113,93.50848
-288.3237,546,93.974434
24.643263,103,94.265187
-91.47917,93,94.300893
-9.215069,109,95.249796
-67.89236,107,95.249796
-78.21925,110,95.280214
-26.83358,244,95.434211
-43.49673,56,96.061896
-94.416466,109,96.098438
-44.385185,47,96.780926
-276.0859,119,96.780926
-84.024086,93,96.935387
-1.9061245,135,97.453781
-159.5706,74,97.618768
-57.261448,82,98.076452
-25.613861,47,98.30283
-316.85065,152,98.400103
-111.3075,86,98.890722
93.61404,153,99.177556
-130.88553,125,99.280981
-12.412022,203,99.375736
-171.20334,100,100.200038
3.6313314,89,100.370037
-104.5354,54,100.669067
-157.85748,142,100.705877
-55.59025,54,100.972531
-52.8391,50,102.417609
-48.546444,91,102.485366
-159.16296,132,102.520016
-146.23589,63,102.558869
-76.41474,70,102.628604
-6.7622404,178,102.730115
-13.7353735,73,103.514638
26.188227,33,103.550678
3.423956,184,103.830095
-52.61723,45,105.107838
-142.88947,87,105.478629
-399.4254,217,105.788659
-57.012066,93,105.826444
-55.59395,90,105.826444
-458.09872,223,105.89993
-146.11371,76,106.130087
-119.002594,111,106.336041
-91.62696,206,106.336041
-79.772095,136,107.256667
-73.47831,52,108.185415
-75.50898,31,108.359729
-36.64149,76,108.506462
-84.4976,138,108.661769
-48.30859,111,109.421121
-90.11876,94,109.496881
-81.59497,253,109.569984
28.296633,110,109.700005
-29.057692,118,109.99816
-161.03671,146,110.232291
-106.18038,80,111.183964
7.2122912,46,111.285696
-32.956116,160,111.53016
-120.31515,148,111.568132
-58.368595,64,112.455164
-212.12114,89,112.490772
-62.387356,43,112.666503
-51.026653,80,112.768417
-190.383,129,113.01266
-74.897156,119,113.591707
-117.618484,145,113.6963
-161.79344,72,113.763928
-53.238594,66,113.832338
-214.2525,127,113.938495
-93.36519,167,114.002211
6.4870415,68,114.788512
-7.2356753,103,115.035118
-84.27184,70,115.135433
-47.86367,64,115.84541
-67.636215,75,116.112747
-33.32623,121,116.561909
-81.80422,127,116.991802
-34.55193,33,116.991802
-65.07687,99,117.205009
-223.4193,75,117.633859
-188.81624,136,117.670186
-14.136645,59,118.191792
-65.60364,98,118.191792
28.195068,153,119.023997
-71.94569,55,119.138951
-101.21713,116,119.17103
24.539959,153,119.271847
28.073547,93,120.221807
-66.166756,63,120.359895
-138.64706,124,120.879944
-31.5625,107,121.323975
-51.49896,75,121.712028
-41.840107,78,121.853852
-49.605694,54,122.101793
-64.364494,120,122.345657
-245.02199,249,122.522649
-72.14948,118,123.123762
-28.79498,160,123.233565
-131.75488,88,123.447552
-78.939674,70,124.197507
-197.6798,88,124.446651
-31.031822,67,124.894994
-69.54843,96,125.504834
-232.84564,67,125.504834
11.654324,134,125.610171
-117.290955,44,125.747483
-16.121851,76,125.92381
-383.78156,213,126.750773
-131.90022,33,126.785776
-240.88626,287,127.067352
-68.24684,156,127.406271
-123.93935,62,127.733328
-112.16647,132,128.159762
-178.06023,172,128.492399
-109.67943,84,128.53491
-24.660011,101,128.53491
-3.61043,93,129.11123
-321.39185,138,129.395431
-138.4754,75,129.465432
-60.95601,105,129.698373
-43.07303,45,130.10885
9.739724,63,130.386526
-8.901953,64,130.76666
-151.78816,118,131.255393
-140.19302,114,131.428744
3.5993454,86,131.503654
-20.960442,144,131.893383
2.5286064,70,132.138505
-130.42705,80,132.175574
-73.318535,27,132.372638
9.526155,87,132.475475
-107.45825,72,132.898346
-31.026175,173,133.883397
-89.67469,60,134.062668
-104.64591,35,134.202237
-163.34433,103,134.453676
-32.93414,57,134.557724
-0.21802941,72,134.726835
-77.85465,174,135.239041
5.393414,93,135.477632
-103.02136,91,135.613213
-192.08502,120,135.748548
-54.918957,163,135.84543
-140.09006,133,135.948603
-9.649879,66,136.448833
-104.75446,87,136.851799
-25.359447,50,137.63982
-120.157,76,138.067768
-91.92994,74,138.140123
6.7989545,109,138.452798
-113.20571,99,138.623792
-96.297,88,138.876398
-185.30385,71,138.922099
-157.24153,141,139.404974
-128.51794,117,139.786431
-43.088272,60,140.218985
-101.50086,57,140.600213
130.16206,203,141.040131
19.498137,79,141.166175
-57.559544,70,141.290076
-114.605774,105,141.672099
-70.93725,84,141.736452
-158.21677,220,141.959774
-140.2327,70,142.119761
-57.586655,84,142.216403
-41.07519,42,142.653431
-85.5985,55,142.810914
-67.27086,65,143.260073
-52.63729,67,143.881911
11.931874,73,144.016605
-93.83685,67,144.28176
-231.83241,199,144.314517
-112.523445,35,144.412094
-152.6399,87,151.603834
-48.035347,70,151.768435
32.26079,98,152.235194
-2.0300157,32,152.30768
-44.703896,62,152.766632
-89.04146,170,153.001036
-85.20111,77,153.685676
-51.608376,44,153.720649
38.390038,93,153.949095
-51.207993,75,154.136809
-195.18726,339,155.069944
-16.001547,38,155.230747
-49.93456,69,155.331565
22.903837,90,155.331565
-50.72341,126,155.365538
-99.046295,69,156.043584
29.961164,83,156.483381
10.686415,163,157.298533
-63.263184,36,157.298533
-46.54478,59,157.367392
-47.7244,139,157.501749
-64.41054,244,157.831665
-38.85096,77,158.00369
-15.124588,342,158.498998
-91.671265,109,158.810052
54.109062,138,158.847783
-73.75633,106,158.978265
-184.08054,69,159.747765
8.853393,70,160.249847
-38.407337,82,160.315333
-45.76485,118,160.550455
-112.880646,63,160.64969
-115.816666,99,160.688838
-146.2222,103,160.817865
-41.657585,61,160.929909
-83.49129,64,161.166168
-125.683334,69,161.167211
-67.613785,23,161.618699
64.944916,109,161.753727
-61.78129,54,162.150183
-34.8872,52,162.95551
-79.19356,72,163.162067
-30.4807,82,163.770049
-103.21556,93,163.887377
-23.210026,61,163.887377
-53.70343,69,164.024457
-87.065445,262,164.273994
-72.91737,31,164.966606
-122.144264,130,165.075844
-51.58939,53,165.634502
-18.36759,71,165.672692
-101.349236,56,165.848485
-37.06562,165,165.983696
143.8673,193,166.426916
-34.53594,51,166.735415
-238.5992,176,167.270071
84.39416,156,167.55957
-109.85263,85,167.938828
-0.7594496,68,167.938828
-43.989803,137,168.636262
-86.27675,44,168.668309
-58.09171,67,168.891748
17.846968,140,168.955219
3.645362,195,169.518431
-25.539642,117,169.652726
-126.58782,95,170.602546
-90.01342,57,170.797282
-171.23267,61,170.864204
61.688,160,170.864204
26.768826,153,170.959924
-134.172,142,171.020644
11.443004,60,171.472319
-127.43756,97,171.766101
-9.514594,137,172.356506
27.270834,136,173.143882
-32.524555,73,173.311854
-136.8993,83,173.381773
-167.6753,168,173.455908
-42.131023,84,173.785979
58.566578,140,174.347486
-132.38812,43,174.872393
-80.38401,119,175.076439
37.85693,105,175.384834
2.1399608,135,175.384834
-40.904022,75,175.712354
-2.80604,147,175.847805
-103.934654,94,176.53017
-44.090137,69,176.700126
-64.80743,50,176.765236
-1.9837506,103,177.289726
-68.46993,50,177.39745
-80.80814,49,177.500095
-1.4401578,127,177.759915
-69.19649,40,178.096521
108.71905,179,178.469317
80.665764,99,178.699016
142.71336,220,178.935762
-60.385956,48,179.007616
-78.45104,124,179.042695
-29.802378,35,179.278062
-67.738235,84,179.34283
-64.046616,63,179.608354
13.546006,76,179.840242
-71.82379,65,179.943664
-33.383316,44,181.115415
-15.681695,61,181.419699
-52.593662,181,181.48775
-1.0226892,58,181.934417
-69.56068,78,181.934417
-74.942314,117,182.975086
8.910245,125,183.010864
-123.27928,119,183.118779
-69.8554,108,183.596788
-127.08969,154,183.767402
-94.533424,52,183.767402
16.033875,215,184.034473
0.10867196,87,184.423989
-32.344353,75,184.52876
-175.757,92,184.659916
-60.481083,55,184.853465
-60.32181,55,185.589759
-80.60594,57,185.662418
-69.15594,138,185.837471
-95.24384,72,186.007511
-24.435577,99,186.314271
-67.06181,65,186.878456
2.4672427,74,186.944821
-23.89983,121,187.214366
2.0818646,98,187.348432
-95.39776,102,188.038484
62.381386,93,188.078387
-62.060432,67,188.181736
-145.48862,77,188.28015
-18.187572,44,188.738127
-27.181143,40,189.527257
-60.949,97,189.672121
2.9128482,120,189.806966
55.512413,322,190.079338
91.71497,94,190.121766
45.560875,104,190.516767
-143.26889,101,190.817702
-115.59699,55,191.661794
-33.290516,64,191.83176
150.26115,122,192.171877
-12.882156,217,193.459739
-21.233234,79,193.538255
9.787224,131,194.038307
49.202946,123,194.318161
37.040905,183,194.360795
35.77113,79,194.431636
-46.68236,191,194.846681
41.29903,178,194.883508
20.863993,138,194.883508
-4.9380164,93,195.089894
-60.508976,49,195.768264
-161.76776,49,196.630683
-90.81573,127,196.671762
-67.5899,77,197.065432
-63.27306,86,197.488824
-48.560665,143,198.580631
-71.56706,106,198.615724
99.29671,236,198.748647
54.40511,61,198.781639
47.958466,94,199.045787
-34.992332,82,199.832392
-31.904324,143,200.028471
-79.62077,44,200.064848
13.933458,53,200.518518
-58.05649,70,200.877492
66.37597,228,201.292813
22.838194,86,201.835192
-54.201553,142,202.153346
-162.59346,74,202.217382
-17.882313,72,202.376393
-52.111233,176,202.470074
-40.512405,60,203.231815
45.00502,107,203.493186
-388.57727,274,203.594446
8.278871,156,203.820868
-5.8282475,50,203.856838
82.20582,103,203.856838
-64.27316,43,203.88683
-92.642685,69,204.075544
-35.42356,102,204.16616
27.024513,74,204.56543
-115.14771,306,205.111803
-54.388897,66,206.381729
-17.436663,79,206.512341
-23.383802,85,206.682913
-67.499374,49,206.750084
-82.13373,107,206.78381
51.275093,84,207.380673
65.41065,117,207.750074
-51.353985,41,208.115687
-10.049764,147,208.711629
-95.22816,40,208.711629
14.2582655,197,208.904798
-17.819876,71,209.135338
-58.377567,178,209.391778
-53.54956,190,209.872014
-98.83125,108,209.942425
-57.26949,109,210.110959
-38.534336,63,210.76012
-42.12154,69,211.193502
-47.670216,221,211.431852
33.5029,87,211.600941
-31.993738,117,211.635725
-138.93938,49,211.765627
-75.07844,91,212.180173
10.156841,133,212.569835
-37.840546,39,213.008573
-17.776087,65,213.912029
-79.21491,70,214.69429
-20.984913,48,214.729642
-42.784782,119,214.972122
24.154121,172,215.348741
-55.86735,136,216.253465
-53.97414,137,216.641058
35.713825,295,216.808816
39.391552,62,216.912837
-65.08601,63,216.912837
-124.09914,128,217.111114
32.572063,223,217.735118
-261.35455,233,218.010913
-75.236015,62,218.382663
-98.18876,113,218.894635
-24.700163,228,219.192251
-29.760925,43,219.509824
15.003218,176,220.056793
-53.29686,51,220.170096
45.66674,96,220.43874
-25.520514,84,220.642067
-84.64487,117,220.936304
-76.068405,62,221.0425
-9.236234,120,221.0425
-24.42074,58,228.193815
-52.601032,37,228.618898
-31.675291,91,229.046624
63.63443,173,229.350003
-140.99704,214,229.519653
-161.0053,208,230.737349
34.630947,91,230.842689
8.524038,114,231.117231
-35.52725,103,231.370114
34.833035,132,231.482096
-86.330864,30,231.787704
-31.579502,93,231.891757
-82.60183,85,232.478304
96.466805,186,233.250986
-90.27237,126,233.748087
30.395058,170,234.158828
-31.308699,82,234.331692
-11.454033,90,234.509659
18.168724,208,235.024486
10.8492985,85,235.43431
73.91065,141,235.742419
14.774308,59,235.780124
-191.83568,136,235.845522
-25.396206,47,235.947653
-49.65225,34,236.598185
22.363508,75,236.734434
-96.58985,118,237.299055
63.27266,110,238.272446
268.64285,273,238.517643
16.116648,194,238.587373
144.68814,198,238.621745
10.850725,66,238.859742
8.824496,102,239.35176
-32.89152,29,239.528827
-32.689655,89,239.813708
-28.60901,83,240.185335
-17.580442,135,240.389751
-72.604576,32,240.633294
-108.64345,68,240.633294
-53.536545,182,242.268195
10.7914915,83,242.722813
5.557486,113,242.82778
-44.137676,68,243.046443
31.374697,111,243.257334
-15.6848345,136,243.398321
-47.500313,44,243.820793
-81.84073,109,244.256494
59.517372,112,244.606616
-39.781208,51,244.642485
-203.99065,289,245.096687
32.44777,70,245.535293
-82.97669,54,245.752874
-45.879883,67,245.787891
-169.77795,204,245.787891
-3.2612982,160,245.851791
37.5337,127,247.168318
-29.301752,71,248.172469
25.36651,145,248.31066
-38.724678,36,248.411697
-2.8663263,88,248.845487
0.3804805,90,248.845487
268.0792,382,249.054757
-28.584465,122,249.296907
-48.586025,108,249.474705
-61.935627,33,249.546376
-42.09633,38,249.614895
134.32785,146,249.648318
-117.59356,88,251.196412
-133.20065,59,251.674481
96.28707,222,251.912983
-38.435196,73,251.97858
58.419918,219,252.188532
-138.74532,92,252.70976
-100.81372,113,252.955188
20.543247,128,253.258752
-58.933792,116,253.293991
-13.765711,50,253.402432
55.750668,135,253.498287
-60.461983,57,254.138265
-2.7448518,70,254.385977
198.30473,261,254.492524
3.9558184,46,254.846497
61.45599,87,254.925466
-103.56755,47,254.925466
-28.312643,168,255.420775
-45.62906,70,255.949794
-56.30264,89,256.056152
-36.211143,68,256.547262
-16.387468,112,256.619931
-57.314884,84,257.94068
-88.25795,103,258.087343
-122.61479,85,259.025601
23.423965,89,259.271065
-10.7952,79,259.483663
5.680208,41,259.549635
-11.043127,137,259.757302
-72.24565,97,260.012442
94.07046,166,260.383734
-1.5643407,57,260.947257
-62.126698,158,260.985491
-51.691032,45,260.985491
-29.150156,239,261.73189
12.039293,68,261.991065
70.896194,134,262.48966
56.978035,329,262.587898
66.09675,80,262.656356
-71.90254,52,262.693299
20.351818,123,263.8273
-44.62381,85,264.060081
-33.693146,69,264.388608
-3.1757412,111,264.448648
116.20871,265,264.448648
86.01125,111,265.276628
-50.33691,65,265.558623
-3.6358182,183,266.770717
-36.797195,60,268.176359
-33.76674,83,268.939052
-55.683056,85,269.436376
-38.997547,127,269.657704
2.714882,146,269.941664
-37.270634,86,270.075401
-12.018343,70,270.40234
127.20633,132,270.40234
20.620045,54,270.557693
-80.79067,156,272.017536
64.48219,117,272.223295
-78.94552,70,274.254965
47.882923,68,274.781996
23.917696,43,275.007015
-99.59983,66,275.007015
-45.611374,75,275.58874
-61.12303,75,275.716537
52.109463,164,276.657816
-14.407812,66,276.801712
3.9080913,138,277.738367
50.20196,118,278.080078
4.85251,138,279.196635
-27.395403,65,279.486368
-127.26829,70,280.655453
-65.57849,80,282.383587
107.44461,118,282.678795
25.283857,72,282.979732
-2.3575232,105,283.124483
-33.6464,58,283.745667
-152.59941,76,284.768054
44.73027,241,286.048725
-89.23568,32,286.135742
-68.369316,155,286.135742
-59.102108,116,286.581894
34.280148,137,286.714151
-97.45973,84,286.879967
-20.759022,68,288.086865
-13.89348,34,288.583223
21.319954,82,288.672393
-66.14076,92,289.107352
-84.3536,65,289.549793
24.919191,62,291.305449
62.510223,238,291.865
-34.051956,63,293.904788
75.00901,117,294.40353
-72.14559,94,294.670049
31.269203,93,295.059969
-22.75866,171,295.135391
-60.11366,49,295.217439
-93.21082,125,295.488421
-19.810259,157,297.006993
-62.312893,163,297.893787
-21.929047,130,298.026879
13.578895,70,298.623396
-49.970894,121,299.452708
-52.16196,73,299.521963
-1.6510435,36,300.973538
-109.21748,97,301.529027
-48.041317,97,301.598144
9.129539,96,303.189848
91.23142,121,303.324067
-121.140755,89,303.55355
57.883503,142,303.612151
9.205032,88,304.935444
-6.4139943,112,304.993663
53.275784,277,306.588411
79.83966,188,306.753631
-10.167734,105,307.081146
-107.26075,81,307.806164
17.299534,115,308.119984
-37.939503,70,308.71577
102.48484,140,309.408884
-44.60838,92,309.963562
54.34078,141,311.281842
-74.49709,66,311.671877
91.58177,218,311.905934
85.06381,160,311.962992
-106.47189,58,312.575953
8.216574,108,312.928964
-5.284026,95,312.985522
-40.459663,116,313.041198
-34.048473,32,313.098128
-104.334854,62,313.396712
-90.356224,35,313.644073
14.116384,131,313.699921
154.5365,195,314.196462
-122.2323,60,315.712902
-18.328632,55,316.435138
-53.048683,91,316.648739
35.047123,93,317.746014
-7.5332003,90,317.845796
-87.28192,115,317.845796
-47.52564,44,318.763812
52.202415,123,319.048572
-50.222622,201,319.098503
26.837051,81,319.633817
-18.396484,139,319.892072
-59.94558,47,320.081778
-83.37645,144,320.081778
34.225468,54,320.34392
1.198223,148,320.6464
-111.130264,28,321.058484
-6.0434017,36,321.324135
-4.8628635,75,322.305686
16.275278,115,322.340105
-157.02583,92,322.472051
-18.059513,92,322.507981
0.43571436,84,322.807276
-153.7739,49,322.967612
45.618896,83,323.132157
34.860497,125,323.382177
-27.836668,31,324.078502
-34.095207,102,324.148779
19.682596,217,335.214773
-0.20752943,89,336.14764
-48.065937,87,336.557308
67.071365,121,337.608509
-41.44411,118,337.725623
-10.745095,75,337.943635
-77.59376,102,338.280068
75.2592,147,338.995679
40.4892,199,339.822017
17.995495,61,339.880831
73.22512,153,342.008645
-115.133896,60,342.169217
-24.707006,90,342.524963
38.48152,88,342.641959
68.89619,129,343.00279
17.810978,149,343.110085
11.744698,113,343.617231
-14.798487,98,344.831507
323.67932,470,345.996277
9.30883,61,346.105848
-80.944565,29,346.256301
240.60281,265,346.308331
91.81433,73,346.605041
-118.66514,64,346.740739
-57.96932,47,348.589963
-69.15048,59,349.342046
-15.333131,147,349.630578
-52.236565,194,349.780964
73.30867,147,349.980639
-28.122173,68,350.119985
41.756416,73,350.507546
-14.663784,238,350.507546
18.23766,171,350.672168
-123.91025,93,350.778644
-65.21287,42,352.098237
-45.54115,41,352.830871
53.706448,55,353.388321
-13.465679,77,353.595951
-22.936615,72,354.284429
57.347244,71,354.502137
-5.1586957,177,355.524262
94.06835,105,355.644203
-24.044436,52,356.284512
-74.0628,152,356.380909
23.73163,78,359.254009
-27.752972,62,359.254009
18.819431,88,359.622937
95.582405,348,360.058575
74.286224,85,360.254006
34.460598,144,360.405048
19.661547,229,360.691899
76.296165,226,360.994994
58.90356,140,361.049629
94.77678,188,361.3998
-68.23012,72,363.248905
134.10931,212,363.328386
-30.017817,87,364.537359
109.48664,131,365.975167
34.70928,98,366.191853
63.525696,106,366.535191
48.00933,153,367.099623
-51.68697,51,368.610728
14.507512,308,369.990967
-13.168982,75,370.977304
-26.861963,185,371.04458
105.424385,151,371.21696
3.052859,210,371.652018
145.09271,141,371.922415
106.09591,112,372.392501
76.71113,182,372.793083
30.96977,165,374.744432
134.26086,119,374.808108
-23.529436,47,374.808108
82.53425,282,374.926049
-100.03346,58,374.926049
149.6271,309,376.459967
-27.311867,118,377.208491
-17.957342,88,377.354361
146.17409,133,378.091752
-21.55632,126,378.150781
-43.551476,73,378.678435
131.89871,172,378.930642
-35.973957,161,379.326438
-21.882067,45,379.609863
-64.9393,81,380.538528
18.099913,121,381.06738
15.944776,127,381.273899
67.302124,138,381.834065
26.970644,71,382.234315
-49.501987,68,382.33739
-25.063852,122,383.32402
-19.361197,36,384.031896
-62.88146,100,384.636861
89.62025,205,385.113575
20.551033,140,385.113575
103.55069,128,385.546657
57.782597,99,385.778815
-4.579702,80,385.989662
-112.516365,69,388.032094
223.69672,236,388.616035
9.523199,105,388.900824
3.2708836,88,388.941571
66.01427,197,389.433726
164.95326,223,389.872452
-14.245696,120,390.33639
91.202934,219,390.667817
-29.318443,153,390.667817
57.660427,194,391.321811
-87.710556,91,392.229612
23.631401,253,393.084517
127.64874,251,394.107621
-115.41282,136,394.147461
-25.162882,91,394.226572
16.947678,152,395.362431
-64.78231,105,395.568137
25.524832,47,396.0299
-135.31151,166,396.477627
-4.8151455,119,397.210963
81.14488,230,397.726959
152.39995,186,397.846239
209.96313,289,399.584375
-69.22944,129,399.746977
-25.009134,47,399.928445
101.73211,142,400.225179
103.913765,124,400.755561
57.6131,101,400.890596
45.373283,73,400.934859
172.97151,198,401.71738
-42.313404,114,402.47994
14.075626,87,404.237249
195.47325,321,405.077257
-128.05316,35,406.662434
-111.60794,113,406.851034
240.19809,240,407.023111
48.774883,126,407.229782
68.42015,145,408.217335
123.01325,168,408.263072
19.206182,97,408.70534
140.3891,187,409.950092
191.07857,295,410.76583
73.05698,97,412.56714
14.205827,96,412.965133
81.70653,108,413.266161
44.28834,123,413.703058
-47.352642,83,415.1367
39.363834,115,415.358453
-42.365627,236,415.69975
98.52496,156,417.57469
22.280516,51,417.775412
61.320408,95,418.168286
142.16928,350,418.666061
-6.4301815,106,419.350057
105.09587,165,419.816545
-8.731515,85,419.911687
-5.9386935,100,420.336594
133.65434,156,420.67374
-69.990585,35,420.998439
25.410013,79,421.328351
-30.71846,69,421.421201
74.72393,181,422.50263
15.12861,43,422.641753
-4.064205,90,422.841772
-42.43169,47,423.139036
162.35292,298,424.512052
-58.92038,106,424.602621
145.51398,448,424.975487
-31.285275,51,425.340218
127.07291,111,426.209793
-98.61331,88,426.660129
110.64959,109,427.430112
-16.697426,67,427.482655
1.5777887,151,428.130074
-22.813725,40,428.50671
-27.995659,198,428.826737
115.52949,265,429.841143
39.964584,113,430.138355
26.86462,138,430.886848
61.650665,198,431.445572
-39.970104,72,431.495743
-26.495832,47,432.942037
14.597922,110,442.385509
32.136185,184,442.540715
-67.73549,43,443.575305
56.98178,171,443.875361
19.077978,138,444.796047
94.67349,174,445.097418
119.73044,153,445.133718
9.370756,46,445.31505
94.06674,97,446.313342
94.353516,272,446.738673
-42.435616,58,447.082489
-34.817097,129,447.407847
-81.608536,183,447.677251
197.28741,199,448.342374
47.49821,119,448.516309
55.68457,100,449.2248
-3.5530567,75,449.611709
63.56027,70,449.758268
116.023346,124,449.895076
-22.653854,68,450.21829
321.86414,354,450.867604
-51.069263,39,451.680698
-23.92739,539,451.860014
111.43505,152,452.084437
-17.931684,109,452.432863
13.904977,91,453.183117
72.31347,90,453.296809
-47.586666,39,453.337962
145.64969,142,453.882369
-92.512535,41,454.775388
-14.889125,112,455.159708
-21.990858,111,455.93254
75.35303,99,456.204678
119.46732,188,456.36
154.41772,263,457.367958
333.42017,320,457.367958
-11.088616,116,457.755314
132.53276,113,458.174382
-28.680048,56,458.484089
24.433199,98,458.864803
-90.9075,88,459.279678
58.93075,205,459.955244
117.108,175,460.056086
-15.342945,111,460.592253
-54.604633,80,462.407241
111.54495,202,463.047277
183.36104,340,463.143497
12.555916,69,463.787969
60.236557,169,467.077012
200.11513,153,467.166038
172.44719,228,467.504666
134.78575,92,468.119962
141.06557,251,468.5855
79.19369,242,468.638206
-35.02131,36,469.136729
6.2948956,150,469.346929
212.6235,208,469.560867
13.334826,256,469.692475
197.55516,168,470.827473
16.47585,85,470.877382
16.11232,47,471.638171
32.16015,105,471.860604
32.525856,58,471.905482
3.3086574,94,472.256706
119.971954,311,472.474445
-27.290623,94,472.693666
-70.592896,118,473.818484
9.028721,67,473.867896
26.47172,255,474.615674
4.4994793,76,475.013321
20.331127,64,475.10294
4.682858,115,475.94469
118.93611,124,477.384404
1.5193453,90,477.86274
88.92072,224,479.153542
-100.60263,212,479.202346
119.24766,163,479.247022
7.6344543,106,479.430012
-3.1591275,110,480.029896
162.10997,176,480.681818
33.74463,78,481.021229
34.49816,68,481.021229
-16.083975,49,481.689976
-5.817674,148,482.794691
-19.254877,67,483.753016
-202.3717,104,484.018427
84.77981,206,484.511807
21.99402,107,484.896636
10.861886,76,485.116771
314.76218,250,485.204842
-40.86477,98,485.426826
68.83008,165,486.619734
193.94794,322,487.01648
-102.486984,73,487.236659
-42.529488,129,488.501851
-23.257828,40,489.013338
40.172577,94,489.267004
24.959127,107,490.127238
-77.94386,148,490.242005
-14.14315,142,491.011514
58.65232,228,491.011514
36.685463,74,491.934718
273.73788,293,491.976157
82.65255,132,492.088255
11.656489,67,492.621637
-75.21303,82,493.251095
52.338837,107,493.326689
58.814137,132,493.565925
100.839195,215,493.894358
214.64288,187,494.411658
28.729767,71,494.526783
-34.824158,35,495.721637
-233.93356,284,495.923201
-39.62577,163,497.043133
-168.86023,112,497.45345
-13.642439,78,497.454448
-60.61266,125,497.990799
150.23636,170,498.246496
-97.87436,37,498.391577
11.548816,163,498.657239
106.013756,188,499.035236
207.81471,224,499.296674
79.06324,141,500.932299
-131.53418,83,501.039704
130.4165,109,501.446444
87.0621,125,502.016799
49.920525,167,502.054394
80.363686,93,502.383802
77.477356,126,502.798554
322.88464,262,503.185682
18.347298,81,503.89104
70.28459,62,504.239722
107.022675,155,505.043567
8.986786,35,505.495496
-1.6331664,73,505.754381
109.49637,104,506.037596
154.53926,197,506.073304
-65.60056,27,506.460118
78.60208,134,506.537411
-1.2861133,45,506.835093
-81.63583,76,507.489949
-34.366146,56,508.47227
267.06006,264,508.720801
-11.262184,51,508.923106
88.00002,206,509.264189
324.19702,419,510.440941
186.73056,166,510.440941
-49.54241,76,510.496068
-46.758636,73,511.024326
135.32257,213,511.618435
9.569694,68,512.594063
-28.08319,144,513.360605
68.32074,105,513.606457
-22.10714,64,514.163045
-0.1408854,92,514.984457
-25.023815,109,515.904747
-111.64853,59,516.366266
123.021454,226,516.521803
-49.94551,85,516.885513
58.24743,130,516.947209
-19.747442,42,517.165023
45.92302,181,518.04443
2.2178822,45,518.816586
74.23518,145,519.088201
20.250374,67,520.529821
18.258488,154,521.805297
78.219154,94,522.094108
43.566147,149,522.167502
0.66423976,96,522.442668
88.24899,73,522.811939
-18.99094,80,523.461849
-76.103516,128,523.520255
292.92548,288,523.677036
-63.40613,144,523.735299
112.28857,377,525.103755
-42.68818,50,526.012402
24.949778,56,526.551599
-41.058495,114,526.551599
43.68627,93,526.943352
87.066315,92,527.484113
-65.972916,44,528.929832
4.1832647,54,529.520456
-50.81015,76,530.143229
-39.315826,69,530.833991
26.005257,148,543.531681
66.6211,180,544.051511
117.64561,162,544.170736
132.80038,204,544.838207
3.6905005,99,545.10615
199.53813,226,546.040745
-186.47878,121,547.105662
340.67725,356,548.988071
143.3059,121,549.109766
18.958096,65,549.59693
63.664413,234,549.67426
-7.7251487,104,549.67426
-79.28302,30,550.907354
-26.603598,92,552.869822
117.569725,168,553.019718
167.90784,161,553.16085
70.95625,76,554.379889
21.202158,64,554.921819
22.138746,99,555.875396
56.2374,108,555.935684
193.01663,245,556.181587
333.1445,219,557.548872
-6.574615,77,557.679853
-6.2972813,76,557.857068
222.20154,288,558.162708
21.4135,103,559.345102
-21.65949,171,560.199863
234.2829,268,560.755249
87.60993,106,561.335533
86.555695,108,562.620658
39.153152,151,563.436429
0.5880834,72,563.570659
-59.85661,59,563.682407
93.84539,56,564.024231
121.85755,111,564.220053
77.514366,112,564.440566
-67.442024,74,565.630537
73.424225,156,566.679848
-17.873756,56,566.679848
-0.20407079,25,567.069961
-59.027916,88,568.65231
313.75348,257,570.92201
236.14638,257,570.989612
61.922672,164,572.072306
134.85243,150,572.30235
165.1186,168,574.089976
63.38297,127,574.372108
9.124141,102,574.498342
186.29565,185,577.366423
-33.855854,56,577.770003
122.48644,261,579.289548
73.29307,101,580.069985
456.84796,395,581.181575
11.247282,65,581.243259
241.74709,270,582.415147
247.95311,201,582.750789
269.10257,195,583.501737
-9.598014,83,584.187971
137.67891,112,584.368814
18.300024,74,585.533383
252.52963,199,586.094172
164.23877,262,586.260499
342.38675,390,586.741592
17.273684,97,588.437775
44.466763,93,588.957056
65.09403,161,589.486153
410.79214,314,590.651647
91.70807,110,590.784266
-11.893377,42,591.867687
144.34502,107,592.28998
4.17854,75,592.751476
216.95955,156,593.266761
196.96782,211,594.612024
-10.667915,158,594.681461
203.81294,259,596.06838
127.27165,131,596.346562
-69.10012,39,596.725275
-20.075191,74,597.293096
-53.772762,48,599.276047
102.7798,178,600.601533
201.3978,156,600.8227
-7.1421666,89,600.881486
240.01552,181,601.775534
195.09047,292,602.521702
-106.11512,242,603.906504
52.6391,146,604.155864
416.00305,328,604.789694
169.45221,109,605.046833
206.79347,201,605.374233
64.16162,97,605.798527
169.84761,245,605.798527
8.948996,83,606.503187
107.76856,130,607.768562
61.88829,76,607.924476
-31.506037,157,608.144635
-9.227658,49,608.368439
-58.848644,231,608.445476
57.166344,92,609.438054
-70.39854,112,609.613336
88.3378,210,610.147503
68.71424,109,610.147503
90.18299,139,610.921554
-1.5300089,61,612.037767
15.123749,60,612.504749
-38.57276,124,612.894175
68.07237,97,613.947244
133.6893,173,615.314527
-1.8894359,63,615.395358
163.86063,216,616.349822
167.75938,192,617.001903
50.664257,98,617.794345
-10.170609,33,618.303417
58.76897,165,618.494263
22.444983,83,618.528146
372.10376,362,618.724652
95.02249,163,618.873288
130.12337,271,619.178098
233.8413,217,619.411805
257.29266,294,619.770761
-41.319866,66,621.842606
164.49893,109,622.119702
129.92976,108,622.9143
-156.56212,176,623.551652
163.36258,202,623.598466
346.7359,486,623.739654
12.059126,55,624.675176
203.45433,163,625.198296
3.2173634,61,626.274763
-8.57569,83,626.659628
135.21666,174,626.983361
168.37886,197,626.983361
14.347272,70,627.818158
-36.00177,29,628.342375
-1.3985958,44,628.718985
117.67781,126,629.480996
224.74904,280,631.120823
158.50026,207,631.335348
-5.1539626,97,631.513391
121.35273,183,631.97863
87.45583,136,632.536202
8.82098,175,633.204573
428.46414,328,633.424579
80.28593,129,634.217597
-8.193794,74,634.598237
128.54803,121,634.908231
160.19681,170,635.538057
-0.5028859,69,635.585756
-46.119106,59,636.006852
129.42488,177,636.625351
151.52795,388,636.996819
39.43601,94,637.247787
93.05156,135,637.783356
3.210422,91,638.461777
103.1527,102,639.271919
211.7245,193,639.496304
154.7487,107,640.135578
-27.437729,62,640.555829
12.688225,100,640.993797
127.71126,223,641.251708
35.52813,66,641.418674
48.813885,102,641.462759
152.72693,140,641.638142
-8.317036,78,642.721131
-161.55139,212,643.43078
75.272995,111,645.877508
15.277336,98,645.970614
179.59491,204,646.25614
31.525782,128,656.260696
72.202095,150,656.304862
29.490246,177,656.475134
58.85103,109,656.694581
22.255833,45,657.081182
144.32448,158,657.340694
90.369774,187,657.518189
275.58636,297,658.150636
52.77334,50,658.906177
140.72307,151,659.284448
74.786606,104,660.002635
76.66261,82,660.752046
165.53264,144,661.392664
-181.1937,154,663.045331
33.76289,82,664.267912
144.974,120,664.48594
118.02515,157,664.996683
283.10272,330,665.044762
159.41756,148,665.360571
191.30827,194,665.837614
107.203186,128,666.877958
199.6798,259,667.752825
320.92352,245,668.211663
83.55991,121,668.302632
16.67945,86,668.756701
-54.693787,43,668.806143
54.700985,108,669.198483
43.08825,93,669.42401
70.24583,84,669.514492
15.2758,62,670.952287
-6.812736,51,671.42116
118.66572,160,672.04565
41.48128,98,672.616459
41.30974,79,672.893859
265.62872,230,674.345585
30.697226,92,675.016491
470.66827,453,676.113352
61.00712,169,676.20193
152.76656,97,676.898346
73.17822,94,677.02981
477.0339,397,677.301622
190.87888,223,677.509592
-34.403732,66,678.834077
30.469126,61,679.248964
314.739,238,679.569578
205.0667,225,680.73404
17.849155,105,680.99166
46.371693,96,681.127971
131.76518,151,681.828621
385.05222,321,681.967453
239.31819,191,682.40552
-25.889301,45,682.72268
184.27025,240,683.675597
135.72629,140,683.992405
-73.73659,87,684.17829
-34.229183,42,684.320612
227.32962,203,684.82462
388.88834,329,685.040873
97.74577,167,685.359618
-14.6550665,35,685.43303
53.56775,83,685.469925
110.46627,165,685.615476
11.73945,84,686.727453
130.55771,131,686.803407
0.11239467,47,687.16369
-30.565203,72,687.631551
-241.35907,115,688.148572
20.283009,68,689.282261
7.2413497,69,690.159774
132.88268,160,690.62951
-28.166765,103,690.905583
104.81959,286,691.113335
-39.204437,52,691.149039
54.442463,131,691.446671
184.30998,212,691.96272
-31.283367,183,691.96272
13.035652,92,694.074194
98.67792,195,695.605688
432.67056,377,696.04538
32.115906,67,697.023415
306.6383,307,697.243466
186.52591,196,699.05212
180.72818,192,699.190061
61.308784,77,699.513601
164.8405,177,699.560115
-1.4276837,76,700.736351
-34.58723,42,701.006877
205.93379,223,701.058349
169.91594,225,701.778488
-5.097675,50,701.868451
40.52464,70,702.403628
107.346115,124,702.670001
339.16876,279,703.114598
-37.828793,53,704.144373
64.93795,65,705.298934
133.76761,124,706.559967
-48.561363,57,706.704742
78.5557,268,707.667027
520.4252,408,707.667027
159.02734,164,709.186435
251.48145,220,709.422783
16.906343,42,709.563866
1.377926,67,710.679999
106.112946,170,710.727389
233.27171,195,711.37973
172.42522,234,711.50965
47.85732,114,711.770798
186.44318,263,712.512367
33.98312,143,712.973529
-4.087763,43,713.742193
46.01268,78,714.20177
-67.739426,35,715.38374
115.35183,131,715.525198
48.001766,124,717.245856
135.68378,180,717.423792
-36.015945,58,718.058423
57.738808,85,718.151917
18.834972,60,720.132638
34.133747,68,720.310048
251.41458,165,720.52559
305.27774,257,721.112459
-42.691814,68,721.112459
220.81586,199,721.603455
370.35568,373,722.19893
26.55098,39,722.881879
-86.50088,279,723.419945
80.48343,57,724.18869
955.11523,900,724.329918
25.84356,117,725.434638
-14.226146,30,725.578414
61.429623,83,725.990022
103.34687,82,726.658329
73.24413,70,726.658329
442.42276,337,726.804073
-37.095287,90,728.462404
-24.40483,43,728.595522
-54.169476,51,728.940666
-7.325553,53,729.175468
29.935804,92,729.65365
149.05219,192,729.882348
236.2385,323,732.877155
176.59145,165,733.562742
128.59566,189,734.222211
76.08534,103,734.356056
300.7914,332,735.378504
51.071114,139,735.46999
93.61537,176,736.363954
451.64438,355,736.578647
44.958687,75,736.805207
65.37918,70,737.229758
-18.374496,51,737.652475
481.4826,496,737.920054
16.124641,44,738.725331
157.03458,223,738.901927
0.39595744,53,739.56529
-27.929304,39,739.657617
103.24515,92,740.388388
270.0796,248,740.876537
47.260025,102,742.153956
357.15442,308,742.292497
-2.450528,74,742.918743
-33.142677,152,743.273195
229.54118,204,743.273195
45.973217,73,752.535493
-68.27921,95,752.669977
128.15936,127,753.386477
207.16927,209,753.432995
272.15588,272,753.693604
4.1388946,73,754.217389
30.654978,77,754.506328
-66.57472,29,755.468434
126.52273,101,756.390735
59.292717,78,756.60152
-2.8918176,83,756.836048
-12.162267,80,756.955306
25.176788,36,758.008545
248.81804,205,758.345045
47.318054,153,758.72166
-24.960506,66,759.470971
-7.9067855,70,759.510061
-132.93115,44,759.658417
242.69003,210,760.64605
144.30057,226,761.052045
34.782692,70,761.216257
17.316341,147,761.381806
131.0632,104,764.627377
-7.0140786,69,764.777138
116.46592,127,765.538162
7.8090525,114,766.216586
149.5763,148,766.425567
414.84818,345,767.404179
225.00262,262,767.656126
69.02336,83,768.155519
27.854765,172,768.670466
714.9719,516,769.53762
382.0022,254,769.610726
71.539406,93,769.904591
2.4766495,121,770.123344
276.71344,225,770.737992
11.513878,47,771.239518
135.68695,133,772.315215
110.135475,115,772.388216
130.94261,155,773.415373
513.70374,466,773.524245
36.498337,40,773.818356
-2.9556868,52,774.287173
90.08762,125,774.460867
223.74734,178,775.142695
166.51872,142,775.245765
-15.15923,51,775.550698
223.51987,174,775.859563
71.64397,165,776.603322
27.329947,61,777.22998
81.26324,99,777.850463
402.14185,366,778.16193
163.9185,150,778.718645
464.21353,354,778.981657
216.1775,151,780.898455
304.2306,299,781.96691
76.8231,152,782.111942
95.061615,95,782.233206
129.02391,113,782.336939
153.7334,166,783.273632
239.85437,208,783.3444
341.14984,295,783.932358
47.87675,66,784.616538
29.28843,65,785.827011
309.7616,322,785.947097
1.7652224,59,786.957268
193.84708,151,787.660668
267.70346,263,788.810763
456.73367,393,789.659529
171.98985,174,789.845746
-89.62799,207,789.88183
401.6077,329,790.091673
-19.384909,59,791.010726
-35.228985,58,791.984609
-33.21455,70,792.453409
132.63423,91,793.107251
209.38783,187,794.120786
362.54828,356,794.509706
32.156612,116,794.731634
22.431255,63,795.230015
116.87726,138,796.780918
377.04382,327,796.877136
3.5814261,51,797.507743
143.02498,78,797.595554
430.00317,297,797.860542
170.73056,161,799.013063
588.9594,432,799.581816
64.001175,129,800.235011
24.798407,87,801.361924
58.100964,102,802.385946
82.71404,71,802.724168
553.16986,414,802.896425
-35.348454,110,803.883143
148.44641,215,807.134325
230.4165,159,807.309779
221.14572,302,808.139798
250.46158,267,808.546905
103.55331,131,808.628779
0.9108727,147,808.779645
-47.560055,38,808.859944
29.682653,79,810.326009
453.38364,337,811.323352
41.447445,72,811.60685
51.098396,115,812.473761
36.154976,108,812.823497
282.34552,254,813.092629
306.0574,229,813.1316
310.00293,307,813.844307
20.276482,55,814.757332
90.607315,128,814.888432
47.355545,76,815.12404
116.71186,110,815.194517
48.21994,84,816.001627
278.61145,258,817.975508
178.97429,263,818.235074
245.37009,144,819.025494
-55.51176,110,819.135217
68.85234,120,820.475503
265.60797,270,821.418173
320.2638,241,821.870829
321.19412,205,822.463306
119.25763,209,822.939878
1207.6326,900,823.463336
330.11908,237,823.502805
129.04633,98,825.547445
10.8645115,81,825.954577
223.488,250,827.377063
173.5409,177,828.082428
49.29152,57,828.155505
33.268036,125,828.192354
1299.2832,900,828.915974
319.3587,276,829.365463
262.44168,195,829.700611
371.7726,279,830.797074
17.976727,80,830.896578
-46.90935,84,831.13313
14.588139,51,831.13313
273.91168,256,842.357478
-0.86083084,72,842.981572
283.06137,217,843.072451
-73.73464,67,843.200724
252.98126,185,844.644991
-25.244835,107,844.950033
53.05281,158,845.39092
679.74963,467,845.43601
19.620054,83,846.635144
56.783634,170,847.445246
325.45966,285,848.150816
17.18185,64,849.438366
114.09101,144,851.261759
90.6848,101,851.827123
357.2032,220,852.003706
305.72177,171,852.910631
78.08462,123,853.491899
88.36341,124,854.84524
252.63383,243,855.283447
159.82617,113,856.182479
-31.679789,77,856.275472
190.50636,300,856.317799
128.89474,121,857.068086
446.13055,387,859.864759
107.20498,96,860.385717
118.74534,142,862.310832
29.920298,117,864.545551
-57.897865,66,864.786283
267.69763,190,864.826071
1077.5448,900,864.858107
827.94794,642,864.923566
365.71432,283,865.163521
321.67117,245,866.041542
394.21365,349,866.322147
428.3742,524,867.202831
171.45259,188,867.567356
11.924063,87,868.065578
-32.28526,44,868.823329
109.67628,118,869.076611
-34.131107,49,869.373401
18.8328,130,869.951602
162.86479,145,870.133878
154.93869,199,871.880679
706.9256,441,872.158459
44.275005,67,872.456428
78.01306,95,872.973367
315.34338,180,873.05428
50.842045,120,873.342229
260.72873,206,873.701814
-5.0894675,61,874.44635
66.3336,69,875.565199
138.19066,195,876.329074
-19.684565,89,876.598278
96.08492,129,878.503422
266.0944,230,878.727554
61.28644,99,880.047142
267.66156,241,880.895371
236.58923,214,880.937874
65.758965,62,881.057127
431.51804,368,881.877707
130.15804,233,883.279672
248.31067,208,883.515063
-5.009688,51,883.891535
86.16745,99,883.937587
32.043358,201,884.309776
-15.567244,48,885.881593
183.20259,191,886.020735
83.04678,94,887.575223
219.32901,174,888.425459
29.89692,184,888.716476
79.93845,80,889.754099
144.07332,156,890.993658
112.174385,175,891.086392
1122.5627,900,891.086392
-8.250588,78,891.221729
-9.804894,51,893.329611
74.48938,162,893.329611
653.988,516,893.490483
49.85731,109,893.595521
78.04075,87,893.631468
129.77734,160,895.313218
-48.849323,67,896.039948
171.36934,175,898.014997
443.682,421,898.443462
187.3391,214,899.378174
275.91806,213,899.528285
1409.4667,900,900.161892
-10.925089,53,901.534227
181.67192,174,901.84492
328.3842,222,902.000034
148.02466,114,902.303259
102.93616,168,902.346323
313.45285,269,903.737045
198.39723,167,904.755688
366.16476,335,906.016093
790.1507,534,906.016093
127.01643,111,906.244138
29.208982,68,907.382994
190.86325,135,907.456977
212.303,167,908.228334
1.3146083,63,908.413116
139.62555,252,909.001842
86.12737,75,910.246249
17.608168,60,910.506547
355.82507,274,910.612489
35.34333,95,912.612251
28.312176,55,912.612251
571.99164,511,912.725169
261.6524,240,912.899761
22.88447,88,913.934437
109.58902,212,914.046674
-74.402504,40,914.191729
29.979097,192,914.703504
273.11554,354,915.754419
208.97139,195,915.755408
-12.471649,86,915.796096
31.640532,104,916.449593
9.858458,106,916.829542
53.513206,122,918.483987
43.05709,92,919.213201
476.44464,385,921.020903
199.93602,133,921.071786
166.94598,189,921.529774
148.38185,173,921.62778
593.74365,539,922.530545
-25.376673,33,922.625661
63.31145,78,922.813704
87.29808,131,934.178866
-24.49045,43,934.421586
542.0449,367,934.949627
94.4982,126,937.374398
365.28857,282,938.796657
542.3728,375,940.316275
64.612564,132,940.466913
270.56787,205,940.616483
416.0326,318,940.983212
-27.335258,78,942.616006
-26.06373,46,943.286223
57.684433,87,944.508019
327.51373,263,945.104446
396.43802,298,945.466386
208.90689,208,947.310606
-7.2994375,23,948.406993
-22.568155,89,948.761538
408.21515,307,949.622974
482.34018,331,950.236155
181.4529,128,951.632307
629.9147,409,951.825482
121.50959,158,952.678151
-34.382835,104,953.34994
13.236427,43,953.622386
71.102425,79,953.937397
444.19278,284,953.985693
-32.16804,60,955.461521
175.91574,130,955.754938
213.9384,158,956.225977
11.345429,40,958.139545
582.0978,371,958.277706
485.4571,349,959.117227
-45.14298,117,959.175031
62.161797,141,960.638417
211.53358,174,961.481996
484.7166,409,962.506396
81.524734,113,963.49059
212.95628,129,966.603966
1529.7479,900,967.108375
136.51746,101,967.248397
23.244883,129,967.522308
56.636574,105,968.398712
389.2247,272,968.445939
284.87967,229,968.77066
363.54297,317,970.181536
122.68832,106,972.044224
82.99291,131,973.453813
496.61978,337,974.607923
17.465132,100,974.693049
38.57771,54,975.816314
56.397793,184,976.603087
335.12604,245,978.076064
39.961926,51,978.898139
1050.9125,596,979.174632
743.1079,479,980.849561
-6.3175716,51,981.415821
308.83945,348,982.203052
21.942556,58,983.389457
211.06133,200,984.683281
334.24603,290,984.907305
45.14647,90,985.387302
504.761,382,985.736013
597.63196,414,986.843588
-35.23842,54,987.308603
24.12172,85,988.494912
-2.4184456,118,988.677097
120.22731,240,988.769786
27.412672,70,989.997473
-6.052553,38,990.357193
24.382973,111,990.734754
152.85947,132,991.327575
254.1011,283,991.51331
685.045,396,992.226816
-4.5798635,127,993.046139
-6.8847885,42,993.219722
-14.1958475,67,993.397272
110.35865,113,993.568287
351.3545,259,993.788109
1442.2367,900,994.749563
181.8865,143,995.154455
-9.194729,88,997.143774
205.82019,164,998.085105
156.79132,110,998.500905
73.36362,84,998.955274
222.39438,151,999.809793
151.97104,121,1000.220751
162.59195,162,1000.673116
-80.390755,40,1001.629585
244.6123,175,1001.682377
-33.60707,37,1002.369718
30.432453,46,1003.745276
343.04355,302,1005.149626
66.948494,155,1007.159604
307.9497,226,1008.134863
142.34814,109,1008.398206
355.07666,225,1008.438379
19.818419,88,1010.612365
706.80536,442,1011.446839
102.41156,221,1011.606386
97.91643,105,1012.237567
337.41055,280,1013.323046
1509.8287,900,1013.93611
195.24316,160,1014.615342
454.70944,374,1014.615342
727.99255,417,1014.729609
82.41176,87,1014.80055
80.7615,143,1017.061803
-48.946693,74,1017.403383
83.89931,73,1017.554518
59.526703,79,1017.714177
178.67464,157,1018.245952
-3.836027,42,1018.687278
-40.86438,39,1018.918405
354.78656,227,1019.345366
439.5281,367,1019.543133
-28.103785,36,1020.305357
-47.201195,74,1020.426243
184.85994,171,1020.472166
70.5762,97,1021.466762
35.972443,86,1021.545225
565.80945,346,1021.764928
149.94579,253,1022.975009
3.8850005,94,1023.131944
23.771708,83,1023.578569
13.332499,131,1023.691561
35.451435,125,1024.094214
82.13377,99,1024.206437
8.6261,50,1033.622883
15.735792,59,1034.892332
130.98227,140,1035.891524
1398.019,900,1036.25442
462.14148,340,1036.844664
-11.419833,54,1038.382344
312.70758,201,1040.785944
199.4023,185,1041.41052
150.5316,142,1041.509899
299.81415,215,1042.06231
370.93057,302,1043.728621
48.719185,50,1044.028168
269.72003,226,1044.328146
408.3527,309,1044.377962
2.7132158,60,1045.080872
78.16925,147,1048.226726
364.3475,422,1048.226726
16.14047,123,1049.887283
407.7077,304,1051.685436
201.26443,167,1053.284045
519.2955,366,1054.063217
61.65834,65,1054.799136
351.6983,225,1055.301687
620.2073,385,1057.08296
390.18246,345,1058.226737
-51.67397,27,1058.379742
7.4160776,125,1059.1872
331.61075,236,1059.423482
-30.137012,47,1060.494613
433.15448,347,1060.829917
43.68203,63,1062.24298
25.51406,159,1062.940871
97.93917,101,1063.299691
87.62179,81,1064.519773
512.1366,316,1065.104058
628.6911,448,1066.123616
103.844376,112,1066.303492
228.99567,242,1066.443425
149.23215,144,1066.443425
75.66338,157,1069.682186
133.88022,107,1069.995574
506.68048,461,1070.13332
77.725655,100,1070.672335
170.00063,178,1071.595317
27.843433,58,1072.658648
732.4524,417,1073.710634
172.22252,168,1074.139914
1494.7433,900,1075.473202
29.494331,99,1076.093332
15.886289,130,1076.584345
18.541382,56,1077.966595
122.5009,86,1077.966595
61.371025,69,1079.167329
401.37665,283,1079.255437
450.84747,370,1079.9416
75.8523,79,1080.123652
290.82672,240,1080.969835
-45.927525,39,1081.016375
372.75412,352,1082.208205
30.133278,68,1082.208205
9.314537,102,1082.50552
71.64618,129,1083.661554
32.05054,77,1084.309836
46.899853,112,1084.835355
460.9972,367,1086.048294
95.56204,97,1087.801462
70.96996,132,1087.848788
544.74384,325,1087.974901
597.69385,361,1088.525432
-12.575811,91,1088.698143
86.11682,116,1089.252616
293.27194,204,1089.774066
48.492767,81,1092.764207
28.213688,115,1092.949859
141.77565,176,1093.611535
117.520164,170,1095.173361
177.23619,188,1096.682128
473.0467,361,1098.088392
330.52466,256,1098.982989
623.49554,441,1099.246616
687.46246,449,1101.691844
166.11864,214,1103.028043
-40.22324,39,1103.415468
-100.91969,127,1103.726508
179.20306,166,1104.045532
1412.6686,900,1104.392256
534.68243,351,1105.156064
60.53797,147,1105.717353
51.08473,58,1106.526475
-12.161322,53,1106.673678
475.3725,333,1107.515651
-10.32503,68,1108.652602
139.55138,130,1109.345781
17.900019,52,1109.778561
870.1938,524,1111.525269
309.19873,210,1112.081774
327.5536,203,1112.163621
254.58672,218,1114.603677
189.17897,190,1114.923704
47.791626,79,1115.600905
250.7564,173,1116.218533
777.197,497,1116.891803
550.7433,427,1117.606701
82.19608,80,1118.062285
80.06774,72,1119.266242
218.95276,179,1119.31707
431.58478,315,1120.188059
16.014729,77,1120.188059
184.31096,185,1120.231528
51.998413,80,1123.62841
449.11868,351,1124.571539
186.50735,182,1125.503247
157.33049,145,1125.629662
33.920334,76,1136.839706
362.08383,292,1137.223451
273.87207,198,1137.838647
174.04515,151,1139.388173
148.09932,116,1139.857054
77.03752,65,1139.909794
24.583635,60,1140.65641
1401.5077,900,1141.279613
-23.316893,49,1142.173918
298.59656,341,1142.256733
272.3981,182,1142.804485
182.07243,153,1144.301718
745.90265,468,1144.631405
537.71857,399,1145.968834
610.26373,384,1146.249503
164.48354,129,1146.333587
276.36316,149,1146.488245
1086.733,663,1147.810672
207.88943,139,1148.093412
185.24991,140,1148.222883
418.76373,234,1149.6098
131.85774,138,1152.10154
84.10655,104,1152.281503
290.17868,206,1153.363742
364.1201,265,1154.089724
171.37033,161,1154.981312
525.5184,378,1157.44821
400.60504,238,1158.302432
329.67224,217,1158.809567
269.7476,189,1160.077249
250.0728,176,1160.722033
138.3143,167,1161.066841
560.391,360,1161.14831
550.7591,378,1162.303443
579.96216,425,1164.379712
346.9927,239,1164.899893
98.25509,128,1165.341471
57.546192,83,1165.64424
207.3805,187,1165.972354
193.99295,180,1166.157047
176.68901,160,1167.521889
136.83487,106,1168.466283
115.47517,98,1169.810411
129.50748,169,1171.964945
235.79543,168,1172.83602
281.40207,184,1172.922323
343.23077,208,1173.108508
639.23694,465,1176.039814
120.22015,109,1177.243034
340.20978,277,1178.332793
747.9073,459,1178.761385
128.19548,183,1179.702283
182.35231,198,1180.330759
1339.9775,900,1180.624194
472.59656,293,1180.97963
578.87354,355,1182.015513
89.659996,136,1182.194326
515.6246,310,1183.686015
90.93766,72,1185.01335
303.92142,189,1187.293256
-8.826544,57,1187.467841
201.60753,224,1187.696607
309.2043,181,1188.034499
1754.3892,900,1188.363566
9.142969,69,1191.285989
409.6428,330,1194.084992
157.59479,158,1194.084992
971.63245,500,1196.41024
1725.0249,900,1197.371669
18.856668,43,1198.323257
511.95737,463,1200.716079
182.91461,164,1201.289441
6.801355,29,1201.982398
648.8228,364,1203.814824
263.6802,157,1205.137599
295.99084,192,1205.723858
208.7182,137,1207.821582
620.4985,375,1210.298988
722.965,449,1210.738086
428.93423,272,1212.930683
35.970432,75,1213.530257
-41.8138,36,1214.467332
364.74866,240,1216.042324
1681.1938,900,1216.357436
42.16288,84,1217.187616
404.18973,238,1218.104524
-24.022038,59,1219.806822
147.92513,109,1229.907238
525.7605,367,1230.068309
1633.3433,900,1230.115053
1698.8184,900,1231.710091
317.2883,206,1232.508289
42.059845,93,1233.845165
433.39005,327,1233.937421
105.76898,157,1233.937421
1573.1769,900,1235.326999
1559.2122,900,1235.536242
325.74893,195,1238.227106
281.51453,164,1240.660736
-55.832657,62,1240.791545
-27.198502,37,1242.21979
748.14185,434,1243.696962
382.50555,274,1243.824214
570.17224,361,1243.910335
430.43814,262,1244.658531
530.69916,326,1245.199805
492.01965,282,1245.589906
513.4783,386,1246.12621
355.8966,264,1246.466276
47.330894,63,1247.319858
231.5809,177,1249.601786
59.326237,121,1250.262305
259.12567,239,1250.78731
1769.8461,900,1251.008737
-68.89379,48,1251.696507
306.53668,163,1253.175484
-22.996935,61,1253.604378
393.66953,231,1253.846882
22.694801,92,1254.36758
13.686309,62,1256.897025
117.84556,128,1258.465233
89.56106,142,1259.40287
-44.409283,36,1259.92975
326.8472,215,1260.095661
695.89624,441,1262.405836
291.28018,211,1262.53987
454.49316,367,1262.808433
569.51227,401,1263.412162
367.38174,295,1264.151583
-114.82027,45,1264.381471
189.28334,128,1264.8722
316.32242,215,1266.02885
937.8864,540,1266.646349
82.11823,96,1267.69354
207.33499,204,1268.855618
99.00714,116,1269.344079
255.76106,228,1270.067192
181.76358,181,1270.558711
370.2782,222,1272.541367
292.71536,194,1273.313634
1682.562,900,1273.438267
81.62398,103,1273.707803
321.93457,235,1274.458532
51.694633,81,1275.628307
104.07071,170,1275.728115
18.702473,90,1276.857885
-1.4465642,72,1279.282231
240.4228,211,1280.636074
500.52847,345,1280.738137
667.5921,388,1280.964107
1656.2385,900,1282.104444
478.7738,296,1283.937694
368.8127,272,1284.053773
619.60657,383,1284.201916
-10.650595,59,1284.336861
348.42438,263,1284.876024
223.02724,138,1285.739364
233.59926,156,1289.390591
3.3962123,47,1291.023098
654.0584,339,1291.289798
203.52751,211,1292.207309
324.65863,206,1292.867795
373.78973,356,1297.124077
512.0332,366,1297.900461
536.7748,406,1299.422021
321.9592,216,1299.685549
140.8655,165,1299.775213
85.780495,85,1300.751437
1774.4922,900,1300.879405
1711.5781,900,1304.699475
465.82288,312,1305.181546
137.85646,144,1305.454448
201.40387,182,1305.52949
623.44183,358,1305.866352
10.714047,51,1306.437994
-23.430044,68,1307.80334
66.76412,85,1308.299019
1730.8085,900,1309.094535
51.80004,99,1309.170522
370.91727,286,1319.139511
115.016266,102,1320.567499
519.35583,359,1322.011457
1865.6932,900,1322.512618
1780.9215,900,1322.755624
433.98874,401,1322.800699
194.71739,233,1324.419853
46.55331,63,1325.436508
838.2231,482,1326.020655
645.7911,343,1329.795905
740.3313,450,1330.684172
409.50827,252,1331.516819
372.80142,246,1332.094103
684.8004,431,1332.324158
444.5653,335,1335.657513
341.47763,214,1338.931464
219.11679,156,1339.094351
173.58823,148,1345.244857
555.49506,348,1346.870432
365.63684,221,1348.068298
1644.9491,900,1348.189543
494.21786,335,1349.687341
205.9637,179,1354.629595
1843.4176,900,1356.337023
1736.7595,900,1357.898417
36.246582,80,1358.211494
481.48767,268,1361.735524
479.93835,306,1361.846513
1819.2616,900,1362.06794
540.5373,326,1362.600709
1651.8021,900,1363.136326
1889.7119,900,1363.906487
80.51868,105,1366.528206
119.988266,108,1366.774167
65.98503,109,1368.956347
1722.4485,900,1370.09456
1828.1753,900,1370.931483
75.71562,102,1371.150428
155.7579,143,1373.187186
61.519142,80,1374.45506
212.45161,151,1375.578046
603.27563,403,1379.940771
707.09094,420,1381.142339
382.9573,211,1384.563226
1769.3312,900,1384.779895
10.00488,54,1386.816773
317.6804,177,1388.654037
747.47986,435,1388.74156
80.45869,78,1390.118429
218.54568,153,1391.111876
464.2061,285,1391.820612
109.966545,101,1392.658417
171.93199,136,1393.992426
1666.5858,900,1394.90588
1700.294,900,1396.127009
1740.1296,900,1396.376004
160.18831,173,1398.908159
337.00565,248,1400.23824
1659.1498,900,1400.46876
471.23044,284,1402.382957
326.7813,194,1403.535102
468.7997,271,1412.140718
265.96927,223,1413.042234
132.38908,139,1414.13617
569.01324,306,1414.839536
201.95561,124,1415.570613
1812.749,900,1415.744769
1841.0778,900,1417.777997
478.0446,266,1417.912768
1764.2103,900,1419.083341
392.38773,260,1419.215898
347.67276,223,1421.964931
11.968715,86,1423.005691
254.7171,188,1423.13753
216.03922,183,1423.666879
499.57483,295,1424.48214
8.305959,58,1426.252317
279.51923,195,1426.441373
101.35591,193,1431.635269
669.4416,426,1433.073941
391.42365,240,1433.887409
1856.7722,900,1435.56495
82.63501,97,1436.013187
380.415,226,1436.410722
702.8689,398,1436.841266
-27.141623,39,1438.137872
-7.1002836,42,1438.71292
75.90799,111,1438.830493
1161.9664,586,1439.054291
255.79755,178,1440.573431
593.4938,378,1440.853463
130.94257,166,1442.158186
66.83143,104,1444.769739
270.93936,179,1444.848103
715.30585,462,1445.656449
211.73824,179,1447.243448
14.464873,101,1449.387674
492.39038,294,1449.577952
598.5922,368,1452.766613
1637.339,900,1453.122642
1768.7916,900,1455.365238
756.7099,433,1455.458102
462.75897,317,1457.650618
41.58036,58,1458.134519
233.76346,230,1459.513224
1805.3564,900,1459.613866
478.24963,305,1460.096621
419.19406,264,1460.878318
104.13584,134,1461.551359
64.47753,61,1462.319942
703.4207,443,1463.374996
338.25974,180,1466.142204
116.3167,143,1468.458555
501.09018,393,1471.641296
365.8666,257,1471.89422
90.08712,133,1472.445849
1669.527,900,1474.314452
621.50885,368,1477.905212
1761.2556,900,1481.081434
724.836,407,1481.898202
255.41258,219,1481.946012
595.6115,330,1482.988093
347.6927,231,1484.203969
564.1751,347,1486.729259
264.9945,227,1487.497489
627.1679,409,1489.08707
175.96431,136,1489.798289
-27.172552,69,1490.22527
1686.1165,900,1492.679543
446.83417,294,1494.119365
3.2352946,64,1495.554025
353.82272,215,1495.734972
456.9427,310,1496.007028
1794.4486,900,1497.989415
95.15562,83,1499.854544
1821.7692,900,1499.94517
735.33215,423,1499.990317
171.07297,142,1509.276296
1880.4208,900,1510.776889
327.6002,201,1513.531959
596.348,346,1514.290324
304.58496,211,1516.216497
330.04263,224,1518.827237
904.5677,518,1520.90082
386.69257,221,1523.819571
644.4208,389,1526.472414
229.5656,163,1526.522011
64.386734,87,1527.913973
1697.3619,900,1529.828469
887.5735,525,1532.941937
194.30653,137,1532.941937
762.65955,406,1535.347417
731.75995,461,1535.96418
127.09922,138,1536.368073
353.93277,263,1538.768461
74.550545,128,1538.907833
26.942575,70,1539.128135
1801.1897,900,1539.643115
112.392006,121,1541.72198
517.19226,300,1541.72198
79.24353,112,1543.794094
330.0961,272,1545.229794
1761.8481,900,1545.596377
322.87982,178,1546.652143
32.796776,76,1549.130742
312.5429,185,1550.186041
1644.8153,900,1550.740655
-63.91564,28,1552.058027
1757.8123,900,1552.34033
409.03568,325,1554.261961
171.50577,171,1554.423366
-39.156536,26,1555.268369
455.6881,262,1556.671326
136.09766,121,1556.854046
594.2617,378,1558.071609
314.0952,196,1558.190844
869.1855,500,1560.464035
1764.0952,900,1560.874955
769.60504,419,1561.474552
260.085,201,1562.077546
202.57881,183,1563.793015
391.94986,233,1564.26508
186.71103,155,1570.573063
306.1248,333,1571.465126
888.4384,516,1572.762262
1688.9464,900,1573.184215
621.2288,354,1575.699621
105.90697,133,1576.735034
771.828,511,1578.380416
756.0606,471,1579.722916
77.181496,131,1584.8116
1818.8885,900,1585.194189
588.21545,387,1585.802943
420.79822,253,1586.771584
12.269408,63,1588.474712
517.1892,330,1591.504338
619.7398,401,1591.598356
1821.2748,900,1592.549305
1813.8451,900,1606.596768
1699.3112,900,1608.227426
127.79011,168,1609.396203
1746.2473,900,1609.754882
1067.7714,550,1618.419451
1716.9889,900,1620.167972
1781.1185,900,1620.71564
-3.0174708,45,1623.087556
530.52185,502,1623.943112
111.064804,145,1625.228581
779.2394,405,1627.492375
789.20917,444,1627.7993
243.60402,186,1630.296863
1799.3014,900,1632.828276
1831.2303,900,1634.651659
1861.3737,900,1636.232813
352.1534,318,1636.233858
148.7308,107,1638.747411
287.68115,224,1638.93221
1622.5409,900,1639.204281
682.11096,400,1640.698972
362.74326,207,1640.780445
1878.2037,900,1644.260326
121.6894,143,1645.214486
266.76587,230,1645.605079
1737.548,900,1647.920656
110.887375,88,1648.094882
267.49365,236,1648.747362
450.30594,294,1653.283122
1842.0228,900,1657.14589
301.55786,293,1660.826172
1878.8438,900,1664.227026
334.48526,265,1664.227026
1721.6963,900,1664.510305
314.8554,218,1666.130708
50.125874,87,1667.773794
250.78865,182,1668.219637
108.6429,140,1669.952945
1634.866,900,1672.759272
314.29013,232,1673.15417
1878.3085,900,1675.488173
1760.0326,900,1677.303297
1.0514077,51,1677.495107
1870.7611,900,1681.43609
1776.7338,900,1681.786931
537.57526,373,1682.114846
592.243,418,1682.303741
145.81856,137,1682.849483
1805.554,900,1684.18785
1764.8173,900,1684.374302
318.2849,191,1685.549445
700.28864,393,1685.77626
548.99493,499,1688.373305
476.29224,382,1688.639801
241.11784,171,1689.856069
193.92734,128,1690.135482
170.33755,135,1690.271972
112.229866,106,1690.319689
37.443718,98,1700.908708
348.56894,278,1703.672534
462.77322,323,1704.143479
575.65674,359,1706.444344
514.13245,338,1708.870198
140.15652,156,1710.167264
202.47592,161,1713.454125
503.84097,369,1714.147914
284.0913,239,1714.367777
833.77124,453,1717.791556
114.89909,113,1718.731927
276.605,215,1719.00001
1790.7533,900,1719.318119
582.0684,341,1727.626688
176.80063,213,1728.475851
1793.4979,900,1728.773155
887.05035,488,1729.364865
567.2799,362,1733.333843
1686.4384,900,1735.498992
