#{"t_start": 1767722046.9702315, "env_id": "None"}
r,l,t
58.235542,57,3.40148
566.6683,339,16.572237
690.51416,405,19.531568
581.7757,432,20.756535
803.28015,456,21.836356
956.0595,557,26.584475
1701.343,900,43.194666
1889.6461,900,43.194666
1785.8346,900,43.194666
1945.7703,900,43.194666
1738.0634,900,43.194666
1927.9531,900,43.194666
587.26935,600,44.966345
1706.9343,900,45.81156
202.56688,116,48.622455
224.58604,168,51.056668
431.27628,260,55.506494
170.6229,122,61.564352
1577.9199,900,62.654493
554.5962,374,63.026474
1565.0388,900,63.944368
1890.5728,900,65.126531
110.339745,104,67.69655
73.68238,70,68.507539
152.36903,129,69.274373
1830.3328,900,70.00447
1120.9128,608,72.421574
326.72433,200,73.556452
198.4398,256,73.841418
169.15459,108,74.412263
639.40094,505,75.564664
299.06616,267,82.8445
713.0952,371,86.346473
1876.0024,900,86.496392
2029.5529,900,86.496392
-28.061878,111,88.236311
1603.94,900,89.326372
680.2889,362,91.151289
531.8035,345,91.201637
1518.1318,900,92.22466
284.87048,234,97.988127
865.3245,504,107.389345
1035.0569,684,108.556414
132.37569,306,115.305132
842.4341,441,117.580564
865.998,422,118.873429
405.12048,229,121.386322
979.90466,464,122.201149
889.9286,486,126.277038
1687.0448,900,128.226279
197.15192,129,130.146399
1988.7957,900,130.360371
250.83678,182,130.440633
-32.1985,61,133.574354
503.8947,302,133.916987
65.69061,126,135.621508
904.35406,514,136.61136
440.6661,237,140.461433
1190.6328,705,140.671287
306.5626,200,141.95832
273.34613,155,142.638442
23.722889,45,143.432931
1774.1387,900,145.180327
508.15704,259,148.399241
422.9072,247,149.531477
197.78622,136,149.964085
573.5444,367,151.179044
397.09406,214,152.986915
61.185772,91,157.760501
225.16586,148,158.251228
1725.9575,900,161.436213
24.093231,59,164.218811
728.5768,545,166.610756
1946.6929,900,169.421045
535.00616,352,169.482062
866.82336,557,173.428963
560.6272,282,173.990709
1945.6991,900,175.083043
96.57732,299,175.561214
1085.546,525,179.451867
1304.4026,900,198.125413
773.8728,459,200.207718
1973.1162,900,200.424397
1076.8071,550,206.474116
1858.2041,900,207.542648
1749.0989,900,224.198723
1856.0886,900,226.329484
1701.4698,900,232.687844
809.5438,413,243.424583
1669.3203,900,243.585474
1906.6393,900,244.760756
1451.1067,900,245.258663
1840.0502,900,249.553056
7.325858,49,253.586943
263.9529,176,258.831983
125.049736,191,260.612744
1892.5891,900,271.679876
375.0302,245,272.717351
1691.1906,900,273.847632
1813.352,900,274.077947
1075.0172,586,276.954391
432.59393,275,279.33796
142.7386,124,281.591278
1967.6072,900,281.591278
693.99786,544,284.572701
854.94696,569,285.947996
245.14423,183,287.099727
302.2872,225,287.935591
449.6308,257,292.909049
-7.220095,94,294.17235
64.03309,82,298.74826
1638.2417,900,301.76117
317.7301,279,307.023433
1931.3079,900,309.488072
791.6889,469,309.738212
598.6926,380,311.183778
319.71594,497,314.292332
1261.3456,777,315.928693
502.82022,323,315.980343
892.60614,503,316.536169
289.2474,203,325.32666
325.5737,201,328.331442
367.30133,406,330.46207
572.0351,271,335.442926
207.33624,199,342.748949
550.1265,500,342.839468
1939.2151,900,345.302943
677.1562,455,348.510868
1926.1248,900,349.444111
-124.13368,110,353.01999
733.9342,485,360.246263
1926.4539,900,362.079572
473.73596,271,362.245414
672.88196,385,363.0972
-22.76737,30,364.396273
-11.285879,43,365.452938
954.7094,539,369.231459
1928.6855,900,373.925546
1989.3278,900,374.127494
688.28577,394,377.202954
905.154,535,380.336415
1652.3314,900,380.622881
767.3998,413,381.999067
821.9967,441,406.587772
675.6823,321,406.79757
86.05594,87,412.888266
1001.0698,553,413.588788
15.080442,67,418.47888
1728.1064,900,423.234442
887.77124,510,424.517307
1902.7996,900,434.776009
168.34993,180,436.568637
1793.2277,900,436.727024
709.38055,450,438.046052
1733.0579,900,441.165204
593.17505,357,441.574849
995.728,489,445.436274
1968.8633,900,445.644427
2128.3105,900,452.712072
1918.7845,900,453.008235
1937.838,900,454.464534
275.49466,201,455.172611
-19.270758,46,457.431336
954.7912,525,457.633459
609.3084,317,458.82446
38.82353,329,464.138909
118.30032,160,468.064363
346.63907,207,471.424395
35.30444,437,475.302658
202.31952,329,477.202383
183.95976,149,481.735453
-412.35226,153,485.944409
840.11414,507,493.516257
1758.8611,900,494.322106
1914.9778,900,496.740732
1904.7015,900,496.953177
471.36142,347,501.393024
482.8983,264,504.51107
762.45856,534,505.2349
1937.9536,900,507.655201
45.668835,118,514.079653
1768.6421,900,515.46271
2112.238,900,515.779646
182.204,165,516.943264
944.77924,533,520.413066
-7.6716065,56,524.984215
83.57376,161,527.066031
614.8114,468,528.947742
1958.6545,900,529.344092
697.5375,441,530.802565
62.435646,52,531.275072
341.9438,205,533.556626
1028.9897,530,537.582832
407.55725,307,540.076355
-20.129343,121,540.312837
422.5966,240,558.796452
583.41486,509,558.796452
429.62347,413,559.640152
1983.9232,900,573.908896
1863.8577,900,581.414421
854.8117,529,582.394363
1207.3866,610,582.711007
645.16693,325,582.922423
831.1103,541,589.173054
683.6499,530,590.715095
195.12,152,593.846778
938.6451,530,597.920854
1931.7534,900,607.748785
1972.9879,900,611.650339
673.439,375,616.541558
1650.26,900,617.934383
1781.6792,900,625.799891
941.7359,458,627.304082
477.38077,260,630.330157
562.95953,413,637.650939
1921.8274,900,639.588232
1894.2103,900,647.092769
1834.9113,900,648.062577
1791.4937,900,648.607783
522.50024,370,654.31443
886.70306,519,654.47082
261.81525,210,655.258016
1790.9679,900,656.52761
669.7382,438,662.881956
1935.42,900,663.910667
5.171482,42,666.939093
292.2952,220,670.610249
195.48094,139,677.111133
1937.4047,900,683.707916
113.08592,79,689.484625
919.9596,567,689.629924
1738.3159,900,691.568938
2010.077,900,703.594544
1265.6138,647,703.594544
1775.3645,900,723.09445
2012.3333,900,724.488742
1905.7,900,729.939028
1999.1957,900,730.492162
449.01614,306,734.366287
1833.6001,900,736.596946
270.45178,215,736.876052
69.3387,88,740.354353
412.33835,201,742.635373
1887.7909,900,743.844644
555.077,338,746.676488
1947.3208,900,749.986884
431.79843,265,760.759903
2005.8862,900,761.655977
1973.7406,900,761.790574
585.06464,389,763.492501
1744.7032,900,763.640385
1775.5914,900,775.854223
287.7455,210,777.112947
723.788,471,779.99415
87.850174,89,782.340646
109.823364,149,790.484361
2014.609,900,792.694102
885.55756,497,799.418077
2005.3041,900,799.989947
1799.251,900,804.037984
2059.141,900,807.7931
1912.737,900,814.281873
314.24988,238,817.457837
804.61053,443,824.95809
1679.7743,900,825.91619
2062.6753,900,826.865403
1842.5693,900,828.748802
-3.0351045,47,829.296677
683.6242,413,829.581302
-61.82859,100,835.903349
1891.7688,900,842.116032
259.80066,200,844.007451
2021.0255,900,847.35323
2008.6367,900,855.789665
1773.7379,900,873.517674
817.6782,403,874.852712
1974.001,900,876.085227
1737.2126,900,880.690692
986.39404,469,881.902802
2052.109,900,882.759893
2016.1648,900,887.942147
1911.8138,900,889.201555
360.47726,173,890.444437
1841.2664,900,890.836271
2080.0896,900,895.306126
1976.3365,900,901.298159
519.40765,296,906.726001
2024.0894,900,910.870941
777.2308,401,910.936854
1165.2565,585,914.504195
902.4536,487,914.879767
-53.83196,64,918.662947
1779.4247,900,923.050726
2038.5703,900,924.743117
1970.1418,900,926.295372
1221.5212,639,927.978803
2042.9487,900,932.006242
720.5757,339,932.781079
291.30014,212,937.908818
137.45697,111,938.54587
396.7636,257,938.938894
1093.7137,542,940.367788
45.90062,90,944.085315
705.1021,481,944.396595
2029.5671,900,949.112715
187.4217,113,950.770079
731.9051,392,950.875121
1086.9154,576,952.989103
1805.9501,900,955.240728
-59.48805,111,956.797603
485.07373,252,957.985969
259.36084,184,959.15956
259.99323,177,960.522558
1842.5687,900,964.229532
416.9659,213,968.723207
-18.671202,37,970.826731
386.53186,234,972.40071
352.83228,269,973.136195
-141.63777,89,975.90273
2023.65,900,977.924913
1641.3522,900,984.808929
764.38715,517,995.142887
810.97473,359,995.402691
1866.589,900,999.768621
1583.5858,900,1000.530849
1965.0696,900,1002.638135
368.4666,261,1010.728604
741.3022,470,1011.560502
453.93893,260,1016.013943
79.97341,92,1016.369582
1906.8127,900,1016.551449
299.8443,207,1024.301512
493.4604,469,1024.485909
1998.3931,900,1025.106081
725.70776,415,1026.312756
250.81036,185,1027.793403
451.8955,257,1032.324459
903.31573,504,1033.716756
1977.544,900,1038.733314
1739.5458,900,1041.67858
1947.7333,900,1043.734348
332.52524,335,1045.001445
2012.4712,900,1051.395994
204.53398,250,1054.515114
478.78152,286,1059.938388
846.369,606,1062.741413
209.56421,195,1063.590734
64.08578,156,1064.190475
795.13434,424,1070.941084
1885.7134,900,1072.57317
65.33875,90,1076.977469
169.40671,193,1077.191758
745.7162,560,1081.061761
2016.9624,900,1081.169223
1996.0723,900,1082.966076
133.51852,116,1083.934887
2005.9629,900,1084.257037
606.703,359,1085.390399
1997.8153,900,1088.442378
280.49597,210,1089.009494
1899.1349,900,1089.724374
387.36465,275,1106.777964
546.34015,397,1108.096833
612.83466,342,1109.945913
573.98663,335,1110.161627
877.9879,477,1115.72009
850.97644,498,1115.72009
1945.109,900,1116.822934
1979.7944,900,1121.445003
8.660379,39,1131.487491
201.77377,138,1133.426324
1450.5873,900,1136.622013
391.36133,313,1142.492681
1881.0333,900,1144.438919
1804.5177,900,1144.573257
1830.3224,900,1146.639616
85.70487,141,1153.410762
303.87445,216,1160.120585
767.35345,408,1161.695349
1944.9641,900,1171.457708
1971.9233,900,1172.568209
2102.061,900,1174.221863
1932.8546,900,1174.414016
20.452877,45,1175.400863
910.0983,501,1175.776813
1765.333,900,1179.349584
720.82086,363,1184.771074
143.28047,175,1185.576379
1896.2412,900,1187.102657
261.8176,223,1188.936639
2017.9956,900,1189.454304
712.37964,477,1190.63431
361.23566,241,1191.56798
361.199,254,1192.040709
274.46866,221,1199.281624
325.15036,186,1199.281624
625.2789,311,1199.815042
1923.9937,900,1199.946543
110.064735,105,1206.355853
474.97482,282,1209.23672
498.31934,275,1209.68959
1846.6173,900,1211.371853
17.135641,100,1212.775056
236.55864,216,1214.136888
548.476,465,1219.700546
609.4226,360,1222.575056
685.3697,401,1225.77286
497.2548,273,1226.685964
663.66394,541,1227.151521
1956.6824,900,1229.836858
583.8854,333,1232.689005
89.66593,166,1236.534148
-200.2897,126,1238.009565
727.1381,471,1239.945298
2068.2634,900,1244.00891
379.1561,296,1246.256833
2019.9668,900,1247.261405
78.57504,99,1250.267593
1098.1411,607,1251.614151
46.806976,107,1253.874971
828.7587,494,1273.012842
1024.7194,500,1277.051121
-14.53971,39,1279.494344
1743.8391,900,1280.236003
735.96924,395,1285.217717
706.40967,364,1285.598397
1886.7981,900,1285.720747
986.9962,528,1288.11809
2042.0468,900,1288.488284
1964.6206,900,1292.287549
88.686874,123,1295.901142
465.68402,313,1298.538832
384.96918,243,1299.897678
1974.2877,900,1302.786118
1947.0059,900,1304.606699
479.0333,275,1308.775017
350.90158,222,1309.194311
793.8632,428,1311.47003
604.7276,392,1311.654024
151.28128,124,1312.004208
1967.3878,900,1314.280004
1808.1041,900,1327.557516
439.8165,271,1327.799785
562.0925,341,1329.824098
662.14606,361,1334.175086
62.838142,68,1334.262103
2025.4656,900,1335.051023
679.26294,603,1336.777817
1817.912,900,1340.68682
202.31184,217,1348.303034
348.89288,273,1352.818043
1919.1522,900,1354.63116
563.0517,327,1355.536556
1667.8583,900,1359.248174
1980.0481,900,1365.635204
1136.4246,584,1365.635204
1821.6426,900,1368.555348
310.25748,275,1370.31089
1868.0356,900,1371.29036
89.21862,86,1376.700671
1093.9738,612,1379.634611
1796.8905,900,1385.140444
1095.4147,549,1389.938862
228.48204,125,1394.081894
1909.9175,900,1395.028408
847.4424,423,1395.843726
918.80334,511,1411.333038
1920.3313,900,1414.49246
545.4133,266,1422.029297
830.5742,564,1422.421463
1986.6704,900,1422.492774
1695.003,900,1426.410649
1728.682,900,1433.288337
2084.866,900,1433.288337
565.2527,338,1435.044136
487.06595,260,1444.696066
638.1186,330,1445.618597
1809.3458,900,1449.589993
109.15811,109,1453.659319
366.49533,338,1459.769069
1739.9253,900,1460.905898
466.42963,591,1464.622526
925.7927,594,1465.267942
2086.85,900,1465.34967
452.05768,279,1465.50152
1912.2052,900,1466.749508
927.7778,547,1474.008522
223.72176,149,1477.02405
1815.73,900,1480.62948
99.955124,137,1491.357329
606.8837,398,1491.932765
1114.06,549,1491.932765
909.0877,469,1496.184258
1894.165,900,1501.32634
655.8792,492,1503.366098
1123.2795,507,1518.093944
932.539,584,1521.488382
669.6929,398,1524.788451
1800.6471,900,1526.230964
547.98267,282,1526.230964
594.83606,385,1538.491276
1765.6451,900,1539.869196
2046.5691,900,1540.847375
1726.0767,900,1542.371049
419.08252,294,1545.423795
1328.0127,590,1548.621633
180.66704,147,1561.319166
1966.5913,900,1584.830956
1793.6678,900,1584.830956
160.33266,420,1592.01608
945.3621,527,1605.207205
1034.6368,608,1609.031852
762.8739,539,1609.512524
636.37823,404,1614.102811
403.93875,232,1614.78819
1919.3086,900,1619.719693
1974.9395,900,1623.304976
1962.685,900,1624.786777
1909.7659,900,1624.786777
96.72451,101,1629.599842
137.58263,133,1637.704965
1921.8066,900,1640.031038
463.13138,375,1646.056576
1200.354,569,1669.55732
1856.1376,900,1672.195762
1969.7048,900,1672.195762
874.515,544,1689.780665
1857.3285,900,1691.895831
1763.9452,900,1695.569846
1916.6554,900,1700.354172
1569.5688,900,1709.018795
1835.8665,900,1710.392736
1974.7156,900,1714.922536
854.9932,547,1723.30747
1900.2681,900,1724.828585
498.981,378,1726.801145
1177.4789,605,1728.787853
1666.529,900,1730.682348
717.8618,400,1732.679894
-56.341625,164,1744.86972
281.18295,161,1748.5183
1824.7869,900,1755.061603
542.39685,428,1756.199677
1869.4647,900,1775.771072
1826.2644,900,1800.453674
645.0552,409,1808.990578
1751.1804,900,1809.90777
1665.1992,900,1811.440466
794.2823,539,1815.302427
-103.42627,78,1819.0956
1933.0619,900,1825.456839
2004.78,900,1827.031599
1925.0245,900,1829.137341
1968.5535,900,1833.149781
312.94894,210,1839.984596
173.36867,149,1840.172857
2070.9233,900,1847.29121
1727.2767,900,1858.605
805.57135,544,1863.67225
152.81403,128,1875.956285
634.63306,384,1877.473677
1957.4166,900,1877.96421
58.971573,70,1882.727716
1066.9347,568,1888.382758
1966.039,900,1888.782529
1710.2881,900,1896.952128
1095.2349,575,1902.899462
1854.9279,900,1903.017199
2058.2585,900,1914.358367
1585.061,900,1916.380449
761.8846,401,1916.380449
166.82664,152,1917.622176
529.827,368,1924.409396
2119.6147,900,1927.39224
831.17926,522,1927.80041
27.589447,51,1932.271069
304.7763,232,1936.779455
71.82233,67,1938.615919
643.37866,409,1942.351572
1873.604,900,1945.316126
89.56211,145,1950.612137
966.6751,689,1961.533562
466.17407,383,1962.385778
-35.146126,37,1963.998505
923.2449,529,1964.332202
1813.5765,900,1965.697556
932.39465,579,1968.638115
1965.2689,900,1969.831145
373.47748,268,1970.915666
626.96,337,1971.788448
130.86864,195,1975.674935
1823.9867,900,2004.38894
1997.8734,900,2012.395655
850.31165,406,2015.720703
9.182531,64,2022.50743
2060.0452,900,2027.473819
1139.4071,615,2028.296257
2021.6431,900,2031.312548
246.20247,224,2035.119309
1086.8884,476,2052.313812
239.17099,221,2056.153983
1903.8964,900,2056.36875
1701.2095,900,2058.004947
1695.4698,900,2061.233776
544.5489,366,2062.182001
1872.8303,900,2063.796531
2018.2828,900,2064.935775
868.71796,476,2066.371027
2072.5667,900,2069.251748
188.22993,144,2072.927406
1.9641052,98,2077.927107
2068.9702,900,2104.762323
1879.2155,900,2107.683884
1049.5387,545,2116.420149
1874.9792,900,2124.387244
1754.7428,900,2128.419508
168.60448,147,2128.583642
2080.1755,900,2128.666974
2010.3756,900,2130.242084
1877.489,900,2134.709247
1743.354,900,2136.201293
2054.8188,900,2137.222361
1931.0664,900,2138.671807
632.9297,484,2146.684761
1626.0417,900,2149.845546
327.1808,276,2150.870919
748.8833,355,2167.723495
813.6471,497,2185.884725
1738.9,900,2187.914881
604.3002,435,2197.236379
1989.4684,900,2211.86037
1909.6255,900,2216.755431
2190.0906,900,2216.937646
1757.052,900,2218.97272
1112.3693,686,2223.170842
-28.039764,29,2226.076519
1940.1392,900,2226.461043
1966.5868,900,2227.734771
703.3277,336,2230.233656
426.00143,239,2235.346237
1610.7639,900,2239.087249
501.42685,263,2242.708047
179.60034,122,2250.682176
99.03756,75,2257.899479
1920.6254,900,2263.522228
1942.464,900,2272.274606
2023.6678,900,2274.570055
102.49549,116,2283.967454
1863.5527,900,2300.558398
1815.9146,900,2302.749315
650.48065,444,2303.228377
2025.6075,900,2309.55598
1726.2782,900,2309.920393
1883.536,900,2311.16361
1826.6354,900,2313.62237
-60.316704,53,2316.164111
1761.8647,900,2318.52714
127.60588,104,2319.719223
875.4814,417,2322.98118
7.396381,39,2323.3482
1673.8187,900,2325.572893
303.96164,176,2332.720625
579.242,332,2334.723803
278.52127,153,2337.946366
1863.3857,900,2340.888168
296.95358,165,2353.712199
1988.8416,900,2355.251937
581.99786,312,2394.930705
2065.76,900,2396.002777
1921.1254,900,2398.188872
1823.8257,900,2405.353708
1909.5483,900,2409.588182
101.18683,87,2413.810495
2038.9701,900,2414.562161
1858.9421,900,2419.224528
1890.972,900,2421.887061
1880.0552,900,2428.801601
1624.368,900,2430.615941
14.553451,189,2431.509048
1912.0703,900,2436.145393
436.83636,268,2445.548433
1968.5352,900,2447.74572
1026.6708,593,2449.69179
470.33673,269,2453.993679
85.777405,241,2457.390218
922.2029,494,2459.201714
2003.1262,900,2479.77192
2026.6245,900,2481.984724
1344.7478,674,2490.392101
1986.9382,900,2492.478227
601.7099,364,2493.401793
2057.5193,900,2501.467842
577.78485,302,2507.736028
1774.3079,900,2513.991326
105.11976,111,2517.829092
886.6174,509,2528.247369
2037.996,900,2528.343497
2038.0654,900,2530.585403
1671.0785,900,2532.539968
1629.4043,900,2536.670989
1648.8105,900,2539.852171
477.4641,283,2542.461025
1965.6741,900,2583.206953
1882.1971,900,2585.195716
1890.0405,900,2586.059362
1103.7853,523,2586.840135
1804.5607,900,2593.840014
1965.485,900,2605.05567
445.2875,276,2608.57197
1882.874,900,2617.965478
1772.3446,900,2620.134555
1970.163,900,2621.968397
692.45123,469,2622.137027
1749.7108,900,2625.818948
1926.4569,900,2628.857804
1939.9164,900,2631.483416
606.70703,370,2635.282146
495.36038,371,2639.291003
1792.1125,900,2664.965513
1401.092,900,2665.823465
711.36053,380,2667.247953
1989.1729,900,2672.134601
114.7928,89,2674.17448
664.6902,602,2675.416514
-1.4379541,58,2678.710148
864.9642,547,2681.29461
1938.3896,900,2689.292184
1616.6445,900,2690.735808
604.4943,433,2691.827705
1911.593,900,2691.882586
3.7122684,49,2693.37815
1831.083,900,2694.55137
1766.9717,900,2696.474691
1912.0143,900,2703.2323
439.48724,535,2704.076129
94.056946,149,2704.802222
204.50656,192,2716.007398
777.78485,428,2717.861686
763.7011,422,2718.813347
1913.4642,900,2719.119307
2032.3059,900,2724.211672
200.2407,177,2727.139513
1655.0626,900,2730.933817
1389.8809,713,2731.083798
2015.5808,900,2743.077348
33.024136,41,2745.629145
-41.879543,80,2750.615647
751.3621,426,2754.881148
1718.1458,900,2755.057969
1682.2235,900,2755.123571
468.6821,359,2756.034516
41.675365,166,2760.840345
228.67853,170,2766.620425
1768.9022,900,2767.801829
1739.6188,900,2768.862319
425.57153,258,2771.35483
1850.672,900,2783.496169
1914.6309,900,2784.731776
497.5974,327,2788.205882
22.786444,82,2788.639183
66.37821,73,2789.339623
1959.3444,900,2792.681238
1847.3977,900,2796.396227
1967.5919,900,2796.518146
220.74234,136,2800.87231
296.68396,484,2801.114659
407.2308,342,2809.413892
1830.4054,900,2810.469042
1899.9949,900,2810.660128
367.2146,250,2811.445738
1924.6416,900,2816.528264
932.6231,512,2820.727979
1512.3837,900,2822.328449
1729.6232,900,2824.442259
883.80023,521,2833.840947
1152.3649,589,2838.043668
576.1259,435,2838.491208
1956.6276,900,2844.609066
904.10175,455,2845.791317
396.70776,390,2847.570489
918.8948,613,2850.678478
2009.0397,900,2853.072062
210.08994,126,2853.683594
124.353905,108,2857.328506
732.2491,376,2857.711519
600.27606,394,2863.302011
265.3612,180,2864.852098
1983.7129,900,2866.156919
1877.5363,900,2867.043446
952.36285,582,2884.861074
1814.1687,900,2888.023631
2059.675,900,2891.640205
920.8578,579,2893.816296
112.46387,109,2901.175617
474.85526,372,2901.576397
1476.9692,900,2912.52926
691.1863,636,2915.84898
628.5948,375,2916.103682
1975.4114,900,2920.45438
1710.0978,900,2924.481194
1839.1974,900,2924.83544
228.12535,181,2926.662113
-11.5879965,57,2928.10796
1803.0197,900,2930.018229
363.88452,283,2932.925542
2035.8529,900,2933.052297
74.17103,82,2937.920636
1968.1749,900,2940.734714
1765.1024,900,2943.780584
695.5288,377,2949.050981
1967.0883,900,2956.222116
1795.1947,900,2956.529129
456.42865,276,2957.555959
1883.3799,900,2966.436014
492.04144,366,2971.533744
1939.1956,900,2974.537293
2041.3716,900,2978.638989
1886.9633,900,2982.332243
847.9047,439,2982.999702
2035.6123,900,2984.232344
1783.3125,900,2987.201832
111.619675,82,2992.302177
1985.8226,900,2992.42929
1662.5983,900,2998.512639
397.3652,238,2998.919293
188.23022,146,3001.386003
1939.5605,900,3019.807278
1990.5588,900,3021.171851
2042.8997,900,3030.030055
175.96965,159,3030.881441
1103.7188,541,3034.267561
1690.7213,900,3035.107183
406.88837,260,3035.650542
1995.555,900,3038.104726
930.96906,547,3040.751526
-1.5222878,48,3041.066737
144.7136,176,3041.572812
1977.2172,900,3042.348562
1907.1843,900,3046.181056
185.19463,182,3046.737402
1494.7262,900,3046.861319
123.13992,109,3048.997594
1928.4425,900,3062.902575
1423.9199,900,3065.493531
1030.4863,638,3069.312129
-61.65493,167,3073.411554
252.21567,270,3082.563602
943.4314,574,3082.697524
2106.1511,900,3090.414451
1928.0492,900,3091.292205
2017.6686,900,3097.058298
1812.6062,900,3097.380637
1868.322,900,3097.884806
45.141205,262,3099.052692
1391.5211,900,3102.576427
1873.6383,900,3103.231876
1075.9998,565,3104.827609
568.7355,356,3104.953812
2053.3755,900,3105.391611
443.71265,277,3114.496277
1326.7886,597,3127.469833
851.7345,399,3128.041834
691.8111,387,3129.041282
1797.9543,900,3129.735609
214.86485,461,3133.650282
1022.49945,576,3138.667763
1034.1154,607,3152.950114
245.99898,142,3157.310513
1930.1261,900,3157.310513
644.03986,342,3160.456456
1978.7239,900,3162.699146
2082.878,900,3163.65364
2005.2247,900,3165.081133
826.44403,480,3168.659259
36.89735,76,3169.42223
227.66383,172,3172.54119
1207.5527,572,3173.624262
1983.2642,900,3179.577126
855.5725,475,3181.301289
206.9738,181,3182.564389
409.49426,389,3189.275585
1752.8192,900,3191.182373
321.60376,269,3192.986456
2003.7635,900,3194.736043
848.7739,493,3197.239195
201.35345,150,3202.352041
423.84454,258,3204.154552
1871.6465,900,3205.825366
1970.5568,900,3205.825366
934.8111,531,3207.979137
2095.395,900,3211.110267
1953.0645,900,3213.370861
1703.957,900,3216.672557
152.74799,295,3225.290908
826.3174,405,3230.666929
1714.4429,900,3235.341702
-31.405157,40,3238.208516
599.31464,386,3240.762232
851.3479,526,3241.881981
903.88965,600,3242.170349
1922.0486,900,3245.091665
1878.8198,900,3250.433782
585.9644,343,3255.472008
1997.4319,900,3256.347576
439.53223,225,3257.060028
678.07074,385,3269.480919
1823.5726,900,3271.597569
1998.0823,900,3275.301901
1990.4906,900,3291.850687
1915.1696,900,3300.455373
840.16284,488,3302.510415
2059.1362,900,3312.902014
1936.6218,900,3316.646317
1011.3977,558,3319.378325
2039.3163,900,3319.51651
137.38768,126,3321.690735
1819.38,900,3324.571973
1935.2472,900,3329.587199
1906.2603,900,3330.441125
768.4802,445,3331.456178
327.75708,179,3337.691094
715.8585,377,3343.854552
1661.2618,900,3346.284673
765.2948,379,3346.811633
1542.1825,900,3350.11041
1895.8193,900,3355.892658
203.6316,421,3360.463748
1962.0812,900,3366.356261
632.194,284,3369.881184
1943.9597,900,3383.262337
322.79895,212,3384.503501
1952.5027,900,3385.399345
1737.0294,900,3393.879331
1766.6239,900,3394.817475
1946.8326,900,3400.797601
392.94327,276,3402.600829
1958.3923,900,3407.046309
2191.235,900,3409.597817
1788.9316,900,3410.130963
585.0231,446,3416.772433
557.39557,459,3418.856282
2008.4402,900,3419.736679
1989.7911,900,3424.558444
217.70717,215,3426.223929
1887.3169,900,3431.442556
370.44565,190,3433.559429
543.09906,387,3436.899065
354.28036,242,3455.665902
883.34216,629,3458.710336
1955.9347,900,3471.554639
2063.8198,900,3472.466562
789.4316,518,3479.369699
2038.05,900,3479.732001
2027.5712,900,3486.905595
2065.2048,900,3493.113353
1629.1139,900,3495.723701
1537.3214,900,3500.165349
1998.0477,900,3508.568934
1838.6456,900,3511.732033
488.88535,499,3515.466922
764.5071,418,3516.903605
2049.011,900,3519.260036
1983.0879,900,3523.25112
632.78235,527,3531.523604
21.447973,208,3534.828243
1866.5082,900,3536.335301
1647.414,900,3537.40087
56.480427,89,3538.235462
341.90262,359,3543.751801
2027.8206,900,3545.064978
289.03354,187,3548.871978
471.71533,457,3557.443675
1796.7931,900,3562.17226
1806.1324,900,3566.81227
2119.741,900,3575.371614
386.36646,205,3577.311663
2065.008,900,3578.562033
665.60724,508,3581.44856
755.0592,585,3581.685556
1982.7305,900,3582.413288
936.1619,501,3594.013377
1897.6262,900,3608.324296
2091.456,900,3609.33724
2048.9397,900,3616.529966
886.9957,496,3618.731702
806.2295,444,3619.004557
2058.7517,900,3620.119395
295.0379,208,3623.947392
154.54633,125,3632.835165
1997.5193,900,3637.200532
2035.0123,900,3645.283804
-34.859493,28,3647.255303
1916.069,900,3648.307528
1985.8424,900,3651.23546
1715.1188,900,3651.965113
1890.2839,900,3663.593701
917.30585,496,3667.275669
1832.1877,900,3670.090149
1887.6608,900,3676.048028
1754.4401,900,3677.608282
1954.8887,900,3677.829918
388.2114,281,3678.556959
1863.7117,900,3678.653354
44.83053,106,3682.98992
377.15854,259,3683.095215
523.8518,636,3685.438305
212.71187,152,3686.153521
2054.7783,900,3690.678169
742.19806,407,3696.578119
2074.3047,900,3698.31564
1599.058,900,3701.525363
2031.4673,900,3702.132371
534.76385,365,3702.394693
-7.8142133,49,3705.246082
692.21277,468,3712.027334
2132.4116,900,3716.677045
649.0223,304,3722.247853
1189.5256,615,3722.636387
613.6076,421,3725.240204
2077.5706,900,3730.097433
2035.3771,900,3731.264746
104.838005,145,3731.817413
990.3742,454,3744.013335
1872.8995,900,3746.179459
736.12994,334,3747.441208
789.2947,455,3750.648371
1950.0009,900,3755.957113
326.10806,175,3758.696363
713.37555,443,3760.241923
684.8988,432,3762.073302
2177.2708,900,3763.151295
219.77747,213,3764.204607
2004.5143,900,3768.526107
465.02878,321,3782.202432
366.4885,226,3782.76861
598.30853,395,3785.0117
1897.9792,900,3796.095396
1812.1758,900,3797.246075
2013.741,900,3797.735499
1174.0419,565,3799.667866
1867.2556,900,3800.753511
2018.2695,900,3802.840891
338.61676,196,3809.711826
979.0267,444,3809.837103
1846.9414,900,3812.120605
1979.4506,900,3814.789583
245.89221,231,3814.926711
1032.1931,513,3816.882219
2054.322,900,3819.286566
577.1054,329,3823.335224
271.83337,148,3824.213174
-30.178043,43,3826.996332
279.2286,168,3830.051069
2053.013,900,3839.340474
921.79395,498,3841.314403
1017.86414,475,3845.236859
749.6318,593,3849.858284
984.9796,457,3852.404474
1932.3009,900,3852.675505
1992.9259,900,3853.787734
1974.7803,900,3856.277339
16.57593,101,3858.992272
221.40608,150,3859.242004
1908.8402,900,3866.947477
1695.9044,900,3883.385143
404.24332,271,3885.795288
2040.0927,900,3893.263367
807.42737,442,3893.513448
2131.6128,900,3896.260657
90.83288,65,3897.373365
929.3457,466,3897.757208
133.15321,113,3904.311269
2089.1296,900,3905.211101
1734.4901,900,3907.107744
1865.4052,900,3910.96182
377.68768,187,3915.776761
1953.8525,900,3917.957619
2050.45,900,3919.274245
743.57104,359,3919.762277
340.72662,217,3920.421675
1191.7035,531,3926.368369
582.16547,323,3931.624165
2115.0364,900,3933.020427
383.3266,237,3935.022512
1769.49,900,3939.526228
1926.1536,900,3941.528302
295.97083,195,3942.970161
814.4427,374,3943.682237
2067.323,900,3952.233571
658.87427,900,3961.685843
513.10754,310,3963.021031
1273.6564,631,3966.364318
267.71527,261,3969.096635
2114.159,900,3972.655795
1973.3458,900,3975.076762
1007.6264,900,3977.277753
850.1914,384,3987.976051
2027.0664,900,3989.838888
1948.0516,900,3991.781067
597.6291,358,3992.281041
561.7046,324,3993.660769
1944.3728,900,3996.991804
1973.2533,900,3999.381043
1948.2915,900,4001.623358
129.06656,98,4005.58958
-18.118252,82,4006.783243
1061.3218,527,4008.722531
327.4459,201,4027.438689
1974.6731,900,4028.327925
388.51422,497,4028.458953
2092.3142,900,4032.965269
1020.6399,434,4033.614175
1683.245,900,4043.257275
791.91785,471,4045.627131
414.9776,219,4046.67585
2116.6511,900,4055.925104
1399.5923,900,4057.888318
2120.6467,900,4058.382273
806.5928,403,4059.17196
1899.4423,900,4059.833507
164.15741,124,4067.083376
682.43286,440,4071.327282
1976.3708,900,4074.825225
724.1071,370,4083.283204
1956.1454,900,4084.585731
2103.2898,900,4085.49321
2042.8649,900,4085.622026
1015.81494,526,4091.86798
2017.7767,900,4103.036513
2004.0034,900,4104.076223
792.58514,365,4106.554168
414.2692,249,4107.706098
2084.6736,900,4113.214194
1737.9615,900,4115.226232
2074.7646,900,4124.436647
2176.4573,900,4128.628839
611.28485,459,4132.329814
2108.8328,900,4132.329814
1752.7699,900,4141.593572
1844.1655,900,4142.457653
2149.6785,900,4142.589035
568.4572,297,4142.905188
650.53955,293,4159.060774
295.54446,136,4160.053629
164.31805,135,4168.273066
1960.8202,900,4169.11798
212.05171,181,4170.088178
1993.4867,900,4171.46195
2083.9358,900,4172.566762
1923.4504,900,4177.712368
2117.8076,900,4179.579906
64.01043,159,4179.645197
881.67175,483,4179.769539
2190.0388,900,4192.600452
904.0529,394,4195.593308
2109.6108,900,4196.170758
1098.1405,515,4200.809597
1968.8513,900,4206.734223
2229.998,900,4206.865339
927.0068,500,4211.116307
979.5717,583,4216.203228
2152.5693,900,4224.292117
2182.834,900,4228.851954
763.61304,422,4233.439185
268.55704,146,4233.571942
2064.556,900,4234.224651
1956.9086,900,4236.195966
1924.1648,900,4249.286984
1077.0323,543,4250.213073
2024.9677,900,4252.24107
1991.1992,900,4252.796351
634.583,418,4254.777292
2022.4863,900,4256.948816
26.602346,93,4257.921509
2024.8574,900,4262.251607
2034.7494,900,4266.930151
731.4916,437,4274.754342
565.3144,365,4275.68083
912.3107,432,4290.344428
2059.2593,900,4296.003011
1941.9327,900,4296.157192
2071.602,900,4296.903549
2026.6031,900,4299.048971
329.89316,173,4307.495797
2153.8044,900,4312.445052
1517.6161,900,4314.068989
566.2478,306,4314.308123
448.96262,287,4315.617761
1995.6538,900,4319.521757
327.08612,178,4321.800308
862.2194,446,4322.365928
183.48299,160,4322.579697
2131.7537,900,4323.43498
1919.7365,900,4327.137061
224.58888,126,4329.766304
346.7614,170,4333.555213
2009.8468,900,4336.209709
1656.2986,900,4337.346712
2049.6084,900,4344.02026
723.8698,331,4354.286004
1767.5111,900,4359.953233
542.8815,369,4360.327902
813.3519,494,4366.807923
1746.5599,900,4368.135052
1388.8002,900,4369.615968
1805.3607,900,4374.103248
1774.9427,900,4376.7376
1987.0248,900,4377.431196
287.01672,200,4379.118901
30.492794,76,4381.541194
2026.7112,900,4382.943546
2089.7493,900,4385.561187
-44.89467,91,4387.181696
604.2743,322,4394.39329
923.6646,420,4394.456619
2001.1636,900,4400.049131
1002.23254,494,4408.716631
987.23376,468,4408.780342
877.66425,411,4409.030611
2042.5353,900,4410.436807
420.0125,235,4415.548455
870.65814,448,4428.867787
1883.9519,900,4429.613281
2015.3789,900,4430.061773
814.07275,360,4430.661782
253.50389,157,4434.453199
573.3273,274,4441.12651
1956.0127,900,4441.437635
220.4557,121,4443.427657
481.80627,258,4448.774284
907.2842,488,4457.354957
419.06784,207,4458.841718
2005.3599,900,4460.508812
2153.9824,900,4470.327539
260.42606,184,4470.48761
2085.9114,900,4486.168556
2063.4128,900,4493.250208
2011.1422,900,4494.03856
677.5205,336,4494.109799
1892.866,900,4495.203162
1048.1685,491,4495.284916
1945.5839,900,4495.821825
1863.9591,900,4505.978415
2034.663,900,4506.263299
1928.6147,900,4515.743024
21.408691,53,4521.114308
532.2359,299,4521.319256
827.192,404,4528.425499
2011.7046,900,4529.450498
12.248497,104,4531.604301
334.8489,291,4535.140648
845.61945,459,4535.140648
119.63083,106,4539.104985
2085.2766,900,4545.790797
283.22504,170,4548.521955
433.86765,217,4556.121763
2086.3057,900,4566.444111
2032.2313,900,4576.109802
2134.469,900,4577.501774
1929.4797,900,4577.595125
760.3377,399,4583.798206
54.212646,129,4587.801872
1830.5641,900,4589.232199
485.7449,293,4612.206473
710.5575,408,4612.68982
1984.6355,900,4615.114017
1865.2142,900,4622.922109
2012.298,900,4628.312173
2124.1208,900,4631.938469
1977.9521,900,4638.380003
267.65073,146,4641.926475
970.26196,447,4642.49148
1926.9623,900,4648.134336
107.952255,101,4650.60792
862.28314,418,4650.93964
141.03387,168,4652.850661
227.33662,144,4654.42165
634.65405,367,4655.453374
1194.1514,500,4659.187403
1868.7571,900,4664.638459
327.7164,195,4667.179566
412.08527,228,4668.175253
2143.2156,900,4668.696205
2076.149,900,4671.331485
760.6559,452,4677.327049
-507.77234,175,4677.833098
2094.146,900,4679.324104
297.10938,173,4688.315588
1612.9883,900,4689.715603
855.2748,438,4689.920736
301.7497,186,4697.867507
2045.0713,900,4698.94193
493.53027,410,4699.05491
2040.4618,900,4700.791592
